This is pdfTeX, Version 3.141592653-2.6-1.40.28 (MiKTeX 25.12) (preloaded format=pdflatex 2026.5.14)  15 JUN 2026 21:04
entering extended mode
 restricted \write18 enabled.
 %&-line parsing enabled.
**./D2_DispatchNet.tex
(D2_DispatchNet.tex
LaTeX2e <2025-11-01>
L3 programming layer <2025-12-24>
(C:\Users\gatto\AppData\Local\Programs\MiKTeX\tex/latex/base\report.cls
Document Class: report 2025/01/22 v1.4n Standard LaTeX document class
(C:\Users\gatto\AppData\Local\Programs\MiKTeX\tex/latex/base\size12.clo
File: size12.clo 2025/01/22 v1.4n Standard LaTeX file (size option)
)
\c@part=\count275
\c@chapter=\count276
\c@section=\count277
\c@subsection=\count278
\c@subsubsection=\count279
\c@paragraph=\count280
\c@subparagraph=\count281
\c@figure=\count282
\c@table=\count283
\abovecaptionskip=\skip49
\belowcaptionskip=\skip50
\bibindent=\dimen148
)
(C:\Users\gatto\AppData\Local\Programs\MiKTeX\tex/latex/fancyhdr\fancyhdr.sty
Package: fancyhdr 2025/02/07 v5.2 Extensive control of page headers and footers

\f@nch@headwidth=\skip51
\f@nch@offset@elh=\skip52
\f@nch@offset@erh=\skip53
\f@nch@offset@olh=\skip54
\f@nch@offset@orh=\skip55
\f@nch@offset@elf=\skip56
\f@nch@offset@erf=\skip57
\f@nch@offset@olf=\skip58
\f@nch@offset@orf=\skip59
\f@nch@height=\skip60
\f@nch@footalignment=\skip61
\f@nch@widthL=\skip62
\f@nch@widthC=\skip63
\f@nch@widthR=\skip64
\@temptokenb=\toks17
)
(C:\Users\gatto\AppData\Local\Programs\MiKTeX\tex/latex/hyperref\hyperref.sty
Package: hyperref 2025-07-12 v7.01o Hypertext links for LaTeX

(C:\Users\gatto\AppData\Local\Programs\MiKTeX\tex/generic/iftex\iftex.sty
Package: iftex 2024/12/12 v1.0g TeX engine tests
)
(C:\Users\gatto\AppData\Local\Programs\MiKTeX\tex/latex/graphics\keyval.sty
Package: keyval 2022/05/29 v1.15 key=value parser (DPC)
\KV@toks@=\toks18
)
(C:\Users\gatto\AppData\Local\Programs\MiKTeX\tex/latex/kvsetkeys\kvsetkeys.sty
Package: kvsetkeys 2022-10-05 v1.19 Key value parser (HO)
)
(C:\Users\gatto\AppData\Local\Programs\MiKTeX\tex/generic/kvdefinekeys\kvdefine
keys.sty
Package: kvdefinekeys 2019-12-19 v1.6 Define keys (HO)
)
(C:\Users\gatto\AppData\Local\Programs\MiKTeX\tex/generic/pdfescape\pdfescape.s
ty
Package: pdfescape 2019/12/09 v1.15 Implements pdfTeX's escape features (HO)

(C:\Users\gatto\AppData\Local\Programs\MiKTeX\tex/generic/ltxcmds\ltxcmds.sty
Package: ltxcmds 2023-12-04 v1.26 LaTeX kernel commands for general use (HO)
)
(C:\Users\gatto\AppData\Local\Programs\MiKTeX\tex/generic/pdftexcmds\pdftexcmds
.sty
Package: pdftexcmds 2020-06-27 v0.33 Utility functions of pdfTeX for LuaTeX (HO
)

(C:\Users\gatto\AppData\Local\Programs\MiKTeX\tex/generic/infwarerr\infwarerr.s
ty
Package: infwarerr 2019/12/03 v1.5 Providing info/warning/error messages (HO)
)
Package pdftexcmds Info: \pdf@primitive is available.
Package pdftexcmds Info: \pdf@ifprimitive is available.
Package pdftexcmds Info: \pdfdraftmode found.
))
(C:\Users\gatto\AppData\Local\Programs\MiKTeX\tex/latex/hycolor\hycolor.sty
Package: hycolor 2020-01-27 v1.10 Color options for hyperref/bookmark (HO)
)
(C:\Users\gatto\AppData\Local\Programs\MiKTeX\tex/latex/hyperref\nameref.sty
Package: nameref 2025-06-21 v2.57 Cross-referencing by name of section

(C:\Users\gatto\AppData\Local\Programs\MiKTeX\tex/latex/refcount\refcount.sty
Package: refcount 2019/12/15 v3.6 Data extraction from label references (HO)
)
(C:\Users\gatto\AppData\Local\Programs\MiKTeX\tex/generic/gettitlestring\gettit
lestring.sty
Package: gettitlestring 2019/12/15 v1.6 Cleanup title references (HO)

(C:\Users\gatto\AppData\Local\Programs\MiKTeX\tex/latex/kvoptions\kvoptions.sty
Package: kvoptions 2022-06-15 v3.15 Key value format for package options (HO)
))
\c@section@level=\count284
)
(C:\Users\gatto\AppData\Local\Programs\MiKTeX\tex/latex/etoolbox\etoolbox.sty
Package: etoolbox 2025/10/02 v2.5m e-TeX tools for LaTeX (JAW)
\etb@tempcnta=\count285
)
(C:\Users\gatto\AppData\Local\Programs\MiKTeX\tex/generic/stringenc\stringenc.s
ty
Package: stringenc 2019/11/29 v1.12 Convert strings between diff. encodings (HO
)
)
\@linkdim=\dimen149
\Hy@linkcounter=\count286
\Hy@pagecounter=\count287
 (C:\Users\gatto\AppData\Local\Programs\MiKTeX\tex/latex/hyperref\pd1enc.def
File: pd1enc.def 2025-07-12 v7.01o Hyperref: PDFDocEncoding definition (HO)
Now handling font encoding PD1 ...
... no UTF-8 mapping file for font encoding PD1
) (C:\Users\gatto\AppData\Local\Programs\MiKTeX\tex/generic/intcalc\intcalc.sty
Package: intcalc 2019/12/15 v1.3 Expandable calculations with integers (HO)
)
\Hy@SavedSpaceFactor=\count288
 (C:\Users\gatto\AppData\Local\Programs\MiKTeX\tex/latex/hyperref\puenc.def
File: puenc.def 2025-07-12 v7.01o Hyperref: PDF Unicode definition (HO)
Now handling font encoding PU ...
... no UTF-8 mapping file for font encoding PU
)
Package hyperref Info: Hyper figures OFF on input line 4195.
Package hyperref Info: Link nesting OFF on input line 4200.
Package hyperref Info: Hyper index ON on input line 4203.
Package hyperref Info: Plain pages OFF on input line 4210.
Package hyperref Info: Backreferencing OFF on input line 4215.
Package hyperref Info: Implicit mode ON; LaTeX internals redefined.
Package hyperref Info: Bookmarks ON on input line 4462.
\c@Hy@tempcnt=\count289

(C:\Users\gatto\AppData\Local\Programs\MiKTeX\tex/latex/url\url.sty
\Urlmuskip=\muskip17
Package: url 2013/09/16  ver 3.4  Verb mode for urls, etc.
)
LaTeX Info: Redefining \url on input line 4801.
\XeTeXLinkMargin=\dimen150

(C:\Users\gatto\AppData\Local\Programs\MiKTeX\tex/generic/bitset\bitset.sty
Package: bitset 2019/12/09 v1.3 Handle bit-vector datatype (HO)

(C:\Users\gatto\AppData\Local\Programs\MiKTeX\tex/generic/bigintcalc\bigintcalc
.sty
Package: bigintcalc 2019/12/15 v1.5 Expandable calculations on big integers (HO
)
))
\Fld@menulength=\count290
\Field@Width=\dimen151
\Fld@charsize=\dimen152
Package hyperref Info: Hyper figures OFF on input line 6078.
Package hyperref Info: Link nesting OFF on input line 6083.
Package hyperref Info: Hyper index ON on input line 6086.
Package hyperref Info: backreferencing OFF on input line 6093.
Package hyperref Info: Link coloring OFF on input line 6098.
Package hyperref Info: Link coloring with OCG OFF on input line 6103.
Package hyperref Info: PDF/A mode OFF on input line 6108.
\Hy@abspage=\count291
\c@Item=\count292
\c@Hfootnote=\count293
)
Package hyperref Info: Driver (autodetected): hpdftex.

(C:\Users\gatto\AppData\Local\Programs\MiKTeX\tex/latex/hyperref\hpdftex.def
File: hpdftex.def 2025-07-12 v7.01o Hyperref driver for pdfTeX
\Fld@listcount=\count294
\c@bookmark@seq@number=\count295

(C:\Users\gatto\AppData\Local\Programs\MiKTeX\tex/latex/rerunfilecheck\rerunfil
echeck.sty
Package: rerunfilecheck 2025-06-21 v1.11 Rerun checks for auxiliary files (HO)

(C:\Users\gatto\AppData\Local\Programs\MiKTeX\tex/generic/uniquecounter\uniquec
ounter.sty
Package: uniquecounter 2019/12/15 v1.4 Provide unlimited unique counter (HO)
)
Package uniquecounter Info: New unique counter `rerunfilecheck' on input line 2
84.
)
\Hy@SectionHShift=\skip65
)
(C:\Users\gatto\AppData\Local\Programs\MiKTeX\tex/latex/xcolor\xcolor.sty
Package: xcolor 2024/09/29 v3.02 LaTeX color extensions (UK)

(C:\Users\gatto\AppData\Local\Programs\MiKTeX\tex/latex/graphics-cfg\color.cfg
File: color.cfg 2016/01/02 v1.6 sample color configuration
)
Package xcolor Info: Driver file: pdftex.def on input line 274.

(C:\Users\gatto\AppData\Local\Programs\MiKTeX\tex/latex/graphics-def\pdftex.def
File: pdftex.def 2025/09/29 v1.2d Graphics/color driver for pdftex
)
(C:\Users\gatto\AppData\Local\Programs\MiKTeX\tex/latex/graphics\mathcolor.ltx)
Package xcolor Info: Model `cmy' substituted by `cmy0' on input line 1349.
Package xcolor Info: Model `hsb' substituted by `rgb' on input line 1353.
Package xcolor Info: Model `RGB' extended on input line 1365.
Package xcolor Info: Model `HTML' substituted by `rgb' on input line 1367.
Package xcolor Info: Model `Hsb' substituted by `hsb' on input line 1368.
Package xcolor Info: Model `tHsb' substituted by `hsb' on input line 1369.
Package xcolor Info: Model `HSB' substituted by `hsb' on input line 1370.
Package xcolor Info: Model `Gray' substituted by `gray' on input line 1371.
Package xcolor Info: Model `wave' substituted by `hsb' on input line 1372.
) (C:\Users\gatto\AppData\Local\Programs\MiKTeX\tex/latex/pdfpages\pdfpages.sty
Package: pdfpages 2026/03/30 v0.6h Insert pages of external PDF documents (AM)
(C:\Users\gatto\AppData\Local\Programs\MiKTeX\tex/latex/base\ifthen.sty
Package: ifthen 2024/03/16 v1.1e Standard LaTeX ifthen package (DPC)
)
(C:\Users\gatto\AppData\Local\Programs\MiKTeX\tex/latex/tools\calc.sty
Package: calc 2025/03/01 v4.3b Infix arithmetic (KKT,FJ)
\calc@Acount=\count296
\calc@Bcount=\count297
\calc@Adimen=\dimen153
\calc@Bdimen=\dimen154
\calc@Askip=\skip66
\calc@Bskip=\skip67
LaTeX Info: Redefining \setlength on input line 86.
LaTeX Info: Redefining \addtolength on input line 87.
\calc@Ccount=\count298
\calc@Cskip=\skip68
)
(C:\Users\gatto\AppData\Local\Programs\MiKTeX\tex/latex/eso-pic\eso-pic.sty
Package: eso-pic 2025/12/10 v3.0d eso-pic (RN)
\ESO@tempdima=\dimen155
\ESO@tempdimb=\dimen156
)
(C:\Users\gatto\AppData\Local\Programs\MiKTeX\tex/latex/graphics\graphicx.sty
Package: graphicx 2024/12/31 v1.2e Enhanced LaTeX Graphics (DPC,SPQR)

(C:\Users\gatto\AppData\Local\Programs\MiKTeX\tex/latex/graphics\graphics.sty
Package: graphics 2024/08/06 v1.4g Standard LaTeX Graphics (DPC,SPQR)

(C:\Users\gatto\AppData\Local\Programs\MiKTeX\tex/latex/graphics\trig.sty
Package: trig 2023/12/02 v1.11 sin cos tan (DPC)
)
(C:\Users\gatto\AppData\Local\Programs\MiKTeX\tex/latex/graphics-cfg\graphics.c
fg
File: graphics.cfg 2016/06/04 v1.11 sample graphics configuration
)
Package graphics Info: Driver file: pdftex.def on input line 106.
)
\Gin@req@height=\dimen157
\Gin@req@width=\dimen158
)
\AM@pagewidth=\dimen159
\AM@pageheight=\dimen160
\AM@fboxrule=\dimen161

(C:\Users\gatto\AppData\Local\Programs\MiKTeX\tex/latex/pdfpages\pppdftex.def
File: pppdftex.def 2026/03/30 v0.6h Pdfpages driver for pdfTeX (AM)
)
\pdfpages@includegraphics@status=\count299
\AM@pagebox=\box53
\AM@global@opts=\toks19
\AM@pagecnt=\count300
\AM@toc@title=\toks20
\AM@lof@heading=\toks21
\c@AM@survey=\count301
\AM@templatesizebox=\box54
)
Package hyperref Info: Option `colorlinks' set `true' on input line 10.

(C:\Users\gatto\AppData\Local\Programs\MiKTeX\tex/latex/l3backend\l3backend-pdf
tex.def
File: l3backend-pdftex.def 2025-10-09 L3 backend support: PDF output (pdfTeX)
\l__color_backend_stack_int=\count302
)
No file D2_DispatchNet.aux.
\openout1 = `D2_DispatchNet.aux'.

LaTeX Font Info:    Checking defaults for OML/cmm/m/it on input line 89.
LaTeX Font Info:    ... okay on input line 89.
LaTeX Font Info:    Checking defaults for OMS/cmsy/m/n on input line 89.
LaTeX Font Info:    ... okay on input line 89.
LaTeX Font Info:    Checking defaults for OT1/cmr/m/n on input line 89.
LaTeX Font Info:    ... okay on input line 89.
LaTeX Font Info:    Checking defaults for T1/cmr/m/n on input line 89.
LaTeX Font Info:    ... okay on input line 89.
LaTeX Font Info:    Checking defaults for TS1/cmr/m/n on input line 89.
LaTeX Font Info:    ... okay on input line 89.
LaTeX Font Info:    Checking defaults for OMX/cmex/m/n on input line 89.
LaTeX Font Info:    ... okay on input line 89.
LaTeX Font Info:    Checking defaults for U/cmr/m/n on input line 89.
LaTeX Font Info:    ... okay on input line 89.
LaTeX Font Info:    Checking defaults for PD1/pdf/m/n on input line 89.
LaTeX Font Info:    ... okay on input line 89.
LaTeX Font Info:    Checking defaults for PU/pdf/m/n on input line 89.
LaTeX Font Info:    ... okay on input line 89.
Package hyperref Info: Link coloring ON on input line 89.
\@outlinefile=\write3
\openout3 = `D2_DispatchNet.out'.


(C:\Users\gatto\AppData\Local\Programs\MiKTeX\tex/context/base/mkii\supp-pdf.mk
ii
[Loading MPS to PDF converter (version 2006.09.02).]
\scratchcounter=\count303
\scratchdimen=\dimen162
\scratchbox=\box55
\nofMPsegments=\count304
\nofMParguments=\count305
\everyMPshowfont=\toks22
\MPscratchCnt=\count306
\MPscratchDim=\dimen163
\MPnumerator=\count307
\makeMPintoPDFobject=\count308
\everyMPtoPDFconversion=\toks23
)
(C:\Users\gatto\AppData\Local\Programs\MiKTeX\tex/latex/epstopdf-pkg\epstopdf-b
ase.sty
Package: epstopdf-base 2020-01-24 v2.11 Base part for package epstopdf
Package epstopdf-base Info: Redefining graphics rule for `.eps' on input line 4
85.

(C:\Users\gatto\AppData\Local\Programs\MiKTeX\tex/latex/00miktex\epstopdf-sys.c
fg
File: epstopdf-sys.cfg 2021/03/18 v2.0 Configuration of epstopdf for MiKTeX
))
(C:\Users\gatto\AppData\Local\Programs\MiKTeX\tex/latex/pdflscape\pdflscape.sty
Package: pdflscape 2022-10-27 v0.13 Display of landscape pages in PDF

(C:\Users\gatto\AppData\Local\Programs\MiKTeX\tex/latex/pdflscape\pdflscape-nom
etadata.sty
Package: pdflscape-nometadata 2022-10-28 v0.13 Display of landscape pages in PD
F (HO)

(C:\Users\gatto\AppData\Local\Programs\MiKTeX\tex/latex/graphics\lscape.sty
Package: lscape 2020/05/28 v3.02 Landscape Pages (DPC)
)
Package pdflscape Info: Auto-detected driver: pdftex on input line 81.
))
LaTeX Font Info:    External font `cmex10' loaded for size
(Font)              <14.4> on input line 91.
LaTeX Font Info:    External font `cmex10' loaded for size
(Font)              <7> on input line 91.

[1

{C:/Users/gatto/AppData/Local/MiKTeX/fonts/map/pdftex/pdftex.map}]
No file D2_DispatchNet.toc.
\tf@toc=\write4
\openout4 = `D2_DispatchNet.toc'.

LaTeX Font Info:    External font `cmex10' loaded for size
(Font)              <12> on input line 97.
LaTeX Font Info:    External font `cmex10' loaded for size
(Font)              <8> on input line 97.
LaTeX Font Info:    External font `cmex10' loaded for size
(Font)              <6> on input line 97.

LaTeX Warning: Hyper reference `Contents' on page 1 undefined on input line 99.



pdfTeX warning (ext4): destination with the same identifier (name{page.1}) has 
been already used, duplicate ignored
<to be read again> 
                   \relax 
l.103 \newpage
               [1

] [2]
Chapter 1.
(../D1_DispatchNet/D1_BodyText.tex
Underfull \hbox (badness 10000) in paragraph at lines 3--4

 []


Underfull \hbox (badness 10000) in paragraph at lines 5--9

 []

[3

] [4]
Underfull \hbox (badness 10000) in paragraph at lines 85--86

 []

[5] [6]

LaTeX Warning: Hyper reference `Table1' on page 7 undefined on input line 95.


Overfull \hbox (66.0911pt too wide) in paragraph at lines 93--97
\OT1/cmr/m/n/12 tween[] be-tween $[]$, $[]$, $[]$ op-er-a-tor and $[]$.
 []


LaTeX Warning: Hyper reference `FR.1' on page 7 undefined on input line 99.


LaTeX Warning: Hyper reference `NFR.2' on page 7 undefined on input line 99.


LaTeX Warning: Hyper reference `NFR.3' on page 7 undefined on input line 100.


LaTeX Warning: Hyper reference `NFR.4' on page 7 undefined on input line 100.


LaTeX Warning: Hyper reference `NFR.5' on page 7 undefined on input line 100.


Overfull \hbox (7.29453pt too wide) in paragraph at lines 99--101
\OT1/cmr/m/n/12 Following FR.1, in ref-er-ence to NFR.2, the sys-tem must al-lo
w $[]$
 []


LaTeX Warning: Hyper reference `NFR.6' on page 7 undefined on input line 103.


LaTeX Warning: Hyper reference `FR.2' on page 7 undefined on input line 103.


LaTeX Warning: Hyper reference `FR.2' on page 7 undefined on input line 107.


LaTeX Warning: Hyper reference `NFR.9' on page 7 undefined on input line 107.


LaTeX Warning: Hyper reference `NFR.1' on page 7 undefined on input line 110.


LaTeX Warning: Hyper reference `FR.3' on page 7 undefined on input line 113.


LaTeX Warning: Hyper reference `NFR.9' on page 7 undefined on input line 113.


LaTeX Warning: Hyper reference `NFR.7' on page 7 undefined on input line 116.


LaTeX Warning: Hyper reference `NFR.2' on page 7 undefined on input line 116.

[7]

LaTeX Warning: Hyper reference `NFR.8' on page 8 undefined on input line 119.


LaTeX Warning: Hyper reference `NFR.2' on page 8 undefined on input line 119.


LaTeX Warning: Hyper reference `NFR.3' on page 8 undefined on input line 120.


LaTeX Warning: Hyper reference `FR.5' on page 8 undefined on input line 123.


LaTeX Warning: Hyper reference `NFR.9' on page 8 undefined on input line 123.


LaTeX Warning: Hyper reference `NFR.8' on page 8 undefined on input line 126.


LaTeX Warning: Hyper reference `NFR.2' on page 8 undefined on input line 126.


LaTeX Warning: Hyper reference `NFR.9' on page 8 undefined on input line 126.


LaTeX Warning: Hyper reference `NFR.4' on page 8 undefined on input line 127.


LaTeX Warning: Hyper reference `NFR.5' on page 8 undefined on input line 127.


LaTeX Warning: Hyper reference `FR.1' on page 8 undefined on input line 130.


LaTeX Warning: Hyper reference `FR.2' on page 8 undefined on input line 130.


LaTeX Warning: Hyper reference `FR.1' on page 8 undefined on input line 135.


LaTeX Warning: Hyper reference `O.1' on page 8 undefined on input line 139.


LaTeX Warning: Hyper reference `O.1' on page 8 undefined on input line 142.

[8]

LaTeX Warning: Hyper reference `O.1' on page 9 undefined on input line 145.


LaTeX Warning: Hyper reference `FR.10' on page 9 undefined on input line 145.


LaTeX Warning: Hyper reference `O.1' on page 9 undefined on input line 148.


LaTeX Warning: Hyper reference `FR.10' on page 9 undefined on input line 148.


LaTeX Warning: Hyper reference `NFR.9' on page 9 undefined on input line 149.


LaTeX Warning: Hyper reference `O.1' on page 9 undefined on input line 152.


LaTeX Warning: Hyper reference `O.1' on page 9 undefined on input line 155.


LaTeX Warning: Hyper reference `FR.11' on page 9 undefined on input line 155.


LaTeX Warning: Hyper reference `NFR.9' on page 9 undefined on input line 155.


LaTeX Warning: Hyper reference `O.1' on page 9 undefined on input line 159.


LaTeX Warning: Hyper reference `FR.11' on page 9 undefined on input line 159.


LaTeX Warning: Hyper reference `NFR.9' on page 9 undefined on input line 160.


LaTeX Warning: Hyper reference `O.1' on page 9 undefined on input line 163.


LaTeX Warning: Hyper reference `O.1' on page 9 undefined on input line 166.


LaTeX Warning: Hyper reference `FR.12' on page 9 undefined on input line 166.


LaTeX Warning: Hyper reference `O.2' on page 9 undefined on input line 170.

[9]

LaTeX Warning: Hyper reference `O.2' on page 10 undefined on input line 174.


LaTeX Warning: Hyper reference `FR.13' on page 10 undefined on input line 174.


LaTeX Warning: Hyper reference `O.2' on page 10 undefined on input line 177.


LaTeX Warning: Hyper reference `FR.13' on page 10 undefined on input line 177.


LaTeX Warning: Hyper reference `O.2' on page 10 undefined on input line 181.


LaTeX Warning: Hyper reference `FR.13' on page 10 undefined on input line 181.


LaTeX Warning: Hyper reference `O.2' on page 10 undefined on input line 184.


LaTeX Warning: Hyper reference `FR.14' on page 10 undefined on input line 184.


LaTeX Warning: Hyper reference `O.2' on page 10 undefined on input line 187.


LaTeX Warning: Hyper reference `FR.14' on page 10 undefined on input line 187.


LaTeX Warning: Hyper reference `O.2' on page 10 undefined on input line 191.


LaTeX Warning: Hyper reference `FR.14' on page 10 undefined on input line 191.

[10]

LaTeX Warning: Hyper reference `O.2' on page 11 undefined on input line 195.


LaTeX Warning: Hyper reference `FR.14' on page 11 undefined on input line 195.


LaTeX Warning: Hyper reference `O.2' on page 11 undefined on input line 199.


LaTeX Warning: Hyper reference `FR.13' on page 11 undefined on input line 199.


LaTeX Warning: Hyper reference `O.2' on page 11 undefined on input line 202.


LaTeX Warning: Hyper reference `FR.13' on page 11 undefined on input line 202.


LaTeX Warning: Hyper reference `O.3' on page 11 undefined on input line 206.


LaTeX Warning: Hyper reference `O.3' on page 11 undefined on input line 213.


LaTeX Warning: Hyper reference `O.3' on page 11 undefined on input line 216.

[11]

LaTeX Warning: Hyper reference `O.3' on page 12 undefined on input line 223.


LaTeX Warning: Hyper reference `FR.18' on page 12 undefined on input line 226.


LaTeX Warning: Hyper reference `O.4' on page 12 undefined on input line 229.


LaTeX Warning: Hyper reference `O.4' on page 12 undefined on input line 232.


LaTeX Warning: Hyper reference `FR.22' on page 12 undefined on input line 232.


LaTeX Warning: Hyper reference `O.4' on page 12 undefined on input line 235.


LaTeX Warning: Hyper reference `FR.20' on page 12 undefined on input line 235.


LaTeX Warning: Hyper reference `FR.21' on page 12 undefined on input line 235.


LaTeX Warning: Hyper reference `O.3' on page 12 undefined on input line 239.


LaTeX Warning: Hyper reference `O.4' on page 12 undefined on input line 242.


LaTeX Warning: Hyper reference `NFR.14' on page 12 undefined on input line 242.



Overfull \hbox (12.0639pt too wide) in paragraph at lines 242--243
\OT1/cmr/m/n/12 Following O.4, []in ref-er-ence to NFR.14,[] the sys-tem must a
l-low $[]$
 []


LaTeX Warning: Hyper reference `O.4' on page 12 undefined on input line 245.


LaTeX Warning: Hyper reference `FR.24' on page 12 undefined on input line 245.


Overfull \hbox (3.25566pt too wide) in paragraph at lines 245--246
\OT1/cmr/m/n/12 Following O.4, in ref-er-ence to FR.24, the sys-tem must al-low
 $[]$
 []

[12]

LaTeX Warning: Hyper reference `O.4' on page 13 undefined on input line 248.


LaTeX Warning: Hyper reference `FR.24' on page 13 undefined on input line 248.


Overfull \hbox (3.25566pt too wide) in paragraph at lines 248--249
\OT1/cmr/m/n/12 Following O.4, in ref-er-ence to FR.24, the sys-tem must al-low
 $[]$
 []


LaTeX Warning: Hyper reference `O.4' on page 13 undefined on input line 251.


LaTeX Warning: Hyper reference `FR.24' on page 13 undefined on input line 251.


Overfull \hbox (3.25566pt too wide) in paragraph at lines 251--252
\OT1/cmr/m/n/12 Following O.4, in ref-er-ence to FR.24, the sys-tem must al-low
 $[]$
 []


LaTeX Warning: Hyper reference `O.4' on page 13 undefined on input line 254.


LaTeX Warning: Hyper reference `NFR.14' on page 13 undefined on input line 254.



Overfull \hbox (12.0639pt too wide) in paragraph at lines 254--255
\OT1/cmr/m/n/12 Following O.4, []in ref-er-ence to NFR.14,[] the sys-tem must a
l-low $[]$
 []


LaTeX Warning: Hyper reference `O.4' on page 13 undefined on input line 257.


LaTeX Warning: Hyper reference `FR.25' on page 13 undefined on input line 257.


Overfull \hbox (3.25566pt too wide) in paragraph at lines 257--258
\OT1/cmr/m/n/12 Following O.4, in ref-er-ence to FR.25, the sys-tem must al-low
 $[]$
 []


LaTeX Warning: Hyper reference `O.4' on page 13 undefined on input line 260.


LaTeX Warning: Hyper reference `FR.25' on page 13 undefined on input line 260.


Overfull \hbox (3.25566pt too wide) in paragraph at lines 260--261
\OT1/cmr/m/n/12 Following O.4, in ref-er-ence to FR.25, the sys-tem must al-low
 $[]$
 []


LaTeX Warning: Hyper reference `O.4' on page 13 undefined on input line 263.


LaTeX Warning: Hyper reference `FR.25' on page 13 undefined on input line 263.


Overfull \hbox (3.25566pt too wide) in paragraph at lines 263--264
\OT1/cmr/m/n/12 Following O.4, in ref-er-ence to FR.25, the sys-tem must al-low
 $[]$
 []


LaTeX Warning: Hyper reference `O.4' on page 13 undefined on input line 266.


LaTeX Warning: Hyper reference `NFR.14' on page 13 undefined on input line 266.



Overfull \hbox (12.0639pt too wide) in paragraph at lines 266--267
\OT1/cmr/m/n/12 Following O.4, []in ref-er-ence to NFR.14,[] the sys-tem must a
l-low $[]$
 []


LaTeX Warning: Hyper reference `O.4' on page 13 undefined on input line 269.


LaTeX Warning: Hyper reference `FR.26' on page 13 undefined on input line 269.


Overfull \hbox (3.25566pt too wide) in paragraph at lines 269--270
\OT1/cmr/m/n/12 Following O.4, in ref-er-ence to FR.26, the sys-tem must al-low
 $[]$
 []

[13]

LaTeX Warning: Hyper reference `O.4' on page 14 undefined on input line 272.


LaTeX Warning: Hyper reference `FR.26' on page 14 undefined on input line 272.


Overfull \hbox (3.25566pt too wide) in paragraph at lines 272--273
\OT1/cmr/m/n/12 Following O.4, in ref-er-ence to FR.26, the sys-tem must al-low
 $[]$
 []


LaTeX Warning: Hyper reference `O.4' on page 14 undefined on input line 275.


LaTeX Warning: Hyper reference `FR.26' on page 14 undefined on input line 275.


Overfull \hbox (3.25566pt too wide) in paragraph at lines 275--276
\OT1/cmr/m/n/12 Following O.4, in ref-er-ence to FR.26, the sys-tem must al-low
 $[]$
 []


LaTeX Warning: Hyper reference `O.4' on page 14 undefined on input line 278.


LaTeX Warning: Hyper reference `O.4' on page 14 undefined on input line 282.


LaTeX Warning: Hyper reference `FR.27' on page 14 undefined on input line 282.


LaTeX Warning: Hyper reference `O.4' on page 14 undefined on input line 285.


LaTeX Warning: Hyper reference `FR.27' on page 14 undefined on input line 285.


LaTeX Warning: Hyper reference `O.4' on page 14 undefined on input line 288.


LaTeX Warning: Hyper reference `FR.27' on page 14 undefined on input line 288.


LaTeX Warning: Hyper reference `O.4' on page 14 undefined on input line 292.


LaTeX Warning: Hyper reference `FR.27' on page 14 undefined on input line 292.

[14]

LaTeX Warning: Hyper reference `O.4' on page 15 undefined on input line 296.


LaTeX Warning: Hyper reference `FR.27' on page 15 undefined on input line 296.


LaTeX Warning: Hyper reference `O.4' on page 15 undefined on input line 299.


LaTeX Warning: Hyper reference `FR.20' on page 15 undefined on input line 299.


Overfull \hbox (17.55135pt too wide) in paragraph at lines 299--300
\OT1/cmr/m/n/12 Following O.4, in ref-er-ence to FR.20, the sys-tem must al-low
 the $[]$
 []


LaTeX Warning: Hyper reference `O.4' on page 15 undefined on input line 302.


LaTeX Warning: Hyper reference `FR.20' on page 15 undefined on input line 302.


LaTeX Warning: Hyper reference `FR.29' on page 15 undefined on input line 302.


LaTeX Warning: Hyper reference `NFR.9' on page 15 undefined on input line 302.


LaTeX Warning: Hyper reference `O.4' on page 15 undefined on input line 305.


LaTeX Warning: Hyper reference `FR.20' on page 15 undefined on input line 305.


LaTeX Warning: Hyper reference `FR.29' on page 15 undefined on input line 305.


LaTeX Warning: Hyper reference `NFR.9' on page 15 undefined on input line 306.


LaTeX Warning: Hyper reference `O.4' on page 15 undefined on input line 310.


LaTeX Warning: Hyper reference `FR.20' on page 15 undefined on input line 310.


LaTeX Warning: Hyper reference `FR.29' on page 15 undefined on input line 310.


LaTeX Warning: Hyper reference `NFR.9' on page 15 undefined on input line 310.


Overfull \hbox (17.05968pt too wide) in paragraph at lines 310--311
[]$ \OT1/cmr/m/n/12 to deny a ser-vice re-quest, no-ti-fy-ing (NFR.9) the $[]$
 []

[15] [16]
Underfull \hbox (badness 10000) in paragraph at lines 359--360

 []


Underfull \hbox (badness 10000) in paragraph at lines 377--378

 []


LaTeX Warning: Hyper reference `FR.1' on page 17 undefined on input line 379.


LaTeX Warning: Hyper reference `NFR.1' on page 17 undefined on input line 379.


LaTeX Warning: Hyper reference `FR.2' on page 17 undefined on input line 379.


Underfull \hbox (badness 10000) in paragraph at lines 383--384

 []


LaTeX Warning: Hyper reference `NFR.1' on page 17 undefined on input line 385.


LaTeX Warning: Hyper reference `NFR.2' on page 17 undefined on input line 385.

[17]
Underfull \hbox (badness 10000) in paragraph at lines 392--393

 []


LaTeX Warning: Hyper reference `NFR.1' on page 18 undefined on input line 394.


LaTeX Warning: Hyper reference `NFR.2' on page 18 undefined on input line 394.


LaTeX Warning: Hyper reference `FR.2.1' on page 18 undefined on input line 394.



Underfull \hbox (badness 10000) in paragraph at lines 398--399

 []


Underfull \hbox (badness 10000) in paragraph at lines 403--404

 []


LaTeX Warning: Hyper reference `NFR.1' on page 18 undefined on input line 405.


Underfull \hbox (badness 10000) in paragraph at lines 408--409

 []


LaTeX Warning: Hyper reference `NFR.1' on page 18 undefined on input line 410.


Underfull \hbox (badness 10000) in paragraph at lines 413--414

 []

[18]

LaTeX Warning: Hyper reference `NFR.1' on page 19 undefined on input line 415.


Underfull \hbox (badness 10000) in paragraph at lines 418--419

 []


LaTeX Warning: Hyper reference `FR.2' on page 19 undefined on input line 420.

[19]
Underfull \hbox (badness 10000) in paragraph at lines 451--452

 []


Underfull \hbox (badness 10000) in paragraph at lines 457--458

 []


LaTeX Warning: Hyper reference `FR.14.1' on page 20 undefined on input line 459
.

) [20]
Chapter 2.
(D2_BodyText.tex

Package hyperref Warning: The anchor of a bookmark and its parent's must not
(hyperref)                be the same. Added a new anchor on input line 1.


Underfull \hbox (badness 10000) in paragraph at lines 4--5

 []


Underfull \hbox (badness 10000) in paragraph at lines 6--10

 []

[21

] [22]
Underfull \hbox (badness 10000) in paragraph at lines 91--92

 []

[23]

pdfTeX warning: miktex-pdftex.exe (file ./components/components_diagram.pdf): P
DF inclusion: found PDF version <1.7>, but at most version <1.5> allowed
<components/components_diagram.pdf, id=224, 583.98174pt x 434.0215pt>
File: components/components_diagram.pdf Graphic file (type pdf)
<use components/components_diagram.pdf>
Package pdftex.def Info: components/components_diagram.pdf  used on input line 
101.
(pdftex.def)             Requested size: 390.0pt x 289.85248pt.


pdfTeX warning: miktex-pdftex.exe (file ./components/user_authentication_compon
ent.pdf): PDF inclusion: found PDF version <1.7>, but at most version <1.5> all
owed
<components/user_authentication_component.pdf, id=226, 621.02014pt x 699.21222p
t>
File: components/user_authentication_component.pdf Graphic file (type pdf)
<use components/user_authentication_component.pdf>
Package pdftex.def Info: components/user_authentication_component.pdf  used on 
input line 107.
(pdftex.def)             Requested size: 296.39786pt x 333.71895pt.
[24 <./components/components_diagram.pdf>] [25 <./components/user_authenticatio
n_component.pdf>]
Underfull \hbox (badness 10000) in paragraph at lines 108--108

 []


Underfull \hbox (badness 10000) in paragraph at lines 108--108

 []



pdfTeX warning: miktex-pdftex.exe (file ./use_cases/use_cases_v0.5.pdf): PDF in
clusion: found PDF version <1.7>, but at most version <1.5> allowed
<use_cases/use_cases_v0.5.pdf, id=300, 597.55246pt x 845.07718pt>
File: use_cases/use_cases_v0.5.pdf Graphic file (type pdf)
<use use_cases/use_cases_v0.5.pdf>
Package pdftex.def Info: use_cases/use_cases_v0.5.pdf  used on input line 108.
(pdftex.def)             Requested size: 597.551pt x 845.07512pt.


pdfTeX warning: miktex-pdftex.exe (file ./use_cases/use_cases_v0.5.pdf): PDF in
clusion: found PDF version <1.7>, but at most version <1.5> allowed


pdfTeX warning: miktex-pdftex.exe (file ./use_cases/use_cases_v0.5.pdf): PDF in
clusion: found PDF version <1.7>, but at most version <1.5> allowed
<use_cases/use_cases_v0.5.pdf, id=302, page=1, 597.55246pt x 845.07718pt>
File: use_cases/use_cases_v0.5.pdf Graphic file (type pdf)
<use use_cases/use_cases_v0.5.pdf, page 1>
Package pdftex.def Info: use_cases/use_cases_v0.5.pdf , page1 used on input lin
e 108.
(pdftex.def)             Requested size: 597.551pt x 845.07512pt.
File: use_cases/use_cases_v0.5.pdf Graphic file (type pdf)
<use use_cases/use_cases_v0.5.pdf, page 1>
Package pdftex.def Info: use_cases/use_cases_v0.5.pdf , page1 used on input lin
e 108.
(pdftex.def)             Requested size: 562.1644pt x 795.0303pt.
[26]
File: use_cases/use_cases_v0.5.pdf Graphic file (type pdf)
<use use_cases/use_cases_v0.5.pdf, page 1>
Package pdftex.def Info: use_cases/use_cases_v0.5.pdf , page1 used on input lin
e 108.
(pdftex.def)             Requested size: 562.1644pt x 795.0303pt.
File: use_cases/use_cases_v0.5.pdf Graphic file (type pdf)
<use use_cases/use_cases_v0.5.pdf, page 1>
Package pdftex.def Info: use_cases/use_cases_v0.5.pdf , page1 used on input lin
e 108.
(pdftex.def)             Requested size: 562.1644pt x 795.0303pt.
File: use_cases/use_cases_v0.5.pdf Graphic file (type pdf)
<use use_cases/use_cases_v0.5.pdf, page 1>
Package pdftex.def Info: use_cases/use_cases_v0.5.pdf , page1 used on input lin
e 108.
(pdftex.def)             Requested size: 562.1644pt x 795.0303pt.
 [27

 <./use_cases/use_cases_v0.5.pdf>]

pdfTeX warning: miktex-pdftex.exe (file ./use_cases/use_cases_v0.5.pdf): PDF in
clusion: found PDF version <1.7>, but at most version <1.5> allowed
<use_cases/use_cases_v0.5.pdf, id=335, page=2, 597.55246pt x 845.07718pt>
File: use_cases/use_cases_v0.5.pdf Graphic file (type pdf)
<use use_cases/use_cases_v0.5.pdf, page 2>
Package pdftex.def Info: use_cases/use_cases_v0.5.pdf , page2 used on input lin
e 108.
(pdftex.def)             Requested size: 562.1644pt x 795.0303pt.
File: use_cases/use_cases_v0.5.pdf Graphic file (type pdf)
<use use_cases/use_cases_v0.5.pdf, page 2>
Package pdftex.def Info: use_cases/use_cases_v0.5.pdf , page2 used on input lin
e 108.
(pdftex.def)             Requested size: 562.1644pt x 795.0303pt.
File: use_cases/use_cases_v0.5.pdf Graphic file (type pdf)
<use use_cases/use_cases_v0.5.pdf, page 2>
Package pdftex.def Info: use_cases/use_cases_v0.5.pdf , page2 used on input lin
e 108.
(pdftex.def)             Requested size: 562.1644pt x 795.0303pt.
[28

 <./use_cases/use_cases_v0.5.pdf>]

pdfTeX warning: miktex-pdftex.exe (file ./use_cases/use_cases_v0.5.pdf): PDF in
clusion: found PDF version <1.7>, but at most version <1.5> allowed
<use_cases/use_cases_v0.5.pdf, id=348, page=3, 597.55246pt x 845.07718pt>
File: use_cases/use_cases_v0.5.pdf Graphic file (type pdf)
<use use_cases/use_cases_v0.5.pdf, page 3>
Package pdftex.def Info: use_cases/use_cases_v0.5.pdf , page3 used on input lin
e 108.
(pdftex.def)             Requested size: 562.1644pt x 795.0303pt.
File: use_cases/use_cases_v0.5.pdf Graphic file (type pdf)
<use use_cases/use_cases_v0.5.pdf, page 3>
Package pdftex.def Info: use_cases/use_cases_v0.5.pdf , page3 used on input lin
e 108.
(pdftex.def)             Requested size: 562.1644pt x 795.0303pt.
File: use_cases/use_cases_v0.5.pdf Graphic file (type pdf)
<use use_cases/use_cases_v0.5.pdf, page 3>
Package pdftex.def Info: use_cases/use_cases_v0.5.pdf , page3 used on input lin
e 108.
(pdftex.def)             Requested size: 562.1644pt x 795.0303pt.
[29

 <./use_cases/use_cases_v0.5.pdf>]
<activity_diagrams/UC01_activity.pdf, id=358, 633.36626pt x 1275.76625pt>
File: activity_diagrams/UC01_activity.pdf Graphic file (type pdf)
<use activity_diagrams/UC01_activity.pdf>
Package pdftex.def Info: activity_diagrams/UC01_activity.pdf  used on input lin
e 108.
(pdftex.def)             Requested size: 234.00238pt x 471.3448pt.
<sequence_diagrams/UC01_sequence.pdf, id=359, 634.37pt x 509.905pt>
File: sequence_diagrams/UC01_sequence.pdf Graphic file (type pdf)
<use sequence_diagrams/UC01_sequence.pdf>
Package pdftex.def Info: sequence_diagrams/UC01_sequence.pdf  used on input lin
e 108.
(pdftex.def)             Requested size: 390.0pt x 313.49245pt.

Overfull \hbox (17.62482pt too wide) in paragraph at lines 108--109
[][]
 []


Underfull \hbox (badness 10000) in paragraph at lines 108--109

 []

[30 <./activity_diagrams/UC01_activity.pdf>] [31 <./sequence_diagrams/UC01_sequ
ence.pdf>]
Underfull \hbox (badness 10000) in paragraph at lines 109--109

 []


Underfull \hbox (badness 10000) in paragraph at lines 109--109

 []

File: use_cases/use_cases_v0.5.pdf Graphic file (type pdf)
<use use_cases/use_cases_v0.5.pdf>
Package pdftex.def Info: use_cases/use_cases_v0.5.pdf  used on input line 109.
(pdftex.def)             Requested size: 597.551pt x 845.07512pt.


pdfTeX warning: miktex-pdftex.exe (file ./use_cases/use_cases_v0.5.pdf): PDF in
clusion: found PDF version <1.7>, but at most version <1.5> allowed


pdfTeX warning: miktex-pdftex.exe (file ./use_cases/use_cases_v0.5.pdf): PDF in
clusion: found PDF version <1.7>, but at most version <1.5> allowed
<use_cases/use_cases_v0.5.pdf, id=405, page=14, 597.55246pt x 845.07718pt>
File: use_cases/use_cases_v0.5.pdf Graphic file (type pdf)
<use use_cases/use_cases_v0.5.pdf, page 14>
Package pdftex.def Info: use_cases/use_cases_v0.5.pdf , page14 used on input li
ne 109.
(pdftex.def)             Requested size: 597.551pt x 845.07512pt.
File: use_cases/use_cases_v0.5.pdf Graphic file (type pdf)
<use use_cases/use_cases_v0.5.pdf, page 14>
Package pdftex.def Info: use_cases/use_cases_v0.5.pdf , page14 used on input li
ne 109.
(pdftex.def)             Requested size: 562.1644pt x 795.0303pt.
[32]
File: use_cases/use_cases_v0.5.pdf Graphic file (type pdf)
<use use_cases/use_cases_v0.5.pdf, page 14>
Package pdftex.def Info: use_cases/use_cases_v0.5.pdf , page14 used on input li
ne 109.
(pdftex.def)             Requested size: 562.1644pt x 795.0303pt.
File: use_cases/use_cases_v0.5.pdf Graphic file (type pdf)
<use use_cases/use_cases_v0.5.pdf, page 14>
Package pdftex.def Info: use_cases/use_cases_v0.5.pdf , page14 used on input li
ne 109.
(pdftex.def)             Requested size: 562.1644pt x 795.0303pt.
File: use_cases/use_cases_v0.5.pdf Graphic file (type pdf)
<use use_cases/use_cases_v0.5.pdf, page 14>
Package pdftex.def Info: use_cases/use_cases_v0.5.pdf , page14 used on input li
ne 109.
(pdftex.def)             Requested size: 562.1644pt x 795.0303pt.
 [33

 <./use_cases/use_cases_v0.5.pdf>]

pdfTeX warning: miktex-pdftex.exe (file ./use_cases/use_cases_v0.5.pdf): PDF in
clusion: found PDF version <1.7>, but at most version <1.5> allowed
<use_cases/use_cases_v0.5.pdf, id=416, page=15, 597.55246pt x 845.07718pt>
File: use_cases/use_cases_v0.5.pdf Graphic file (type pdf)
<use use_cases/use_cases_v0.5.pdf, page 15>
Package pdftex.def Info: use_cases/use_cases_v0.5.pdf , page15 used on input li
ne 109.
(pdftex.def)             Requested size: 562.1644pt x 795.0303pt.
File: use_cases/use_cases_v0.5.pdf Graphic file (type pdf)
<use use_cases/use_cases_v0.5.pdf, page 15>
Package pdftex.def Info: use_cases/use_cases_v0.5.pdf , page15 used on input li
ne 109.
(pdftex.def)             Requested size: 562.1644pt x 795.0303pt.
File: use_cases/use_cases_v0.5.pdf Graphic file (type pdf)
<use use_cases/use_cases_v0.5.pdf, page 15>
Package pdftex.def Info: use_cases/use_cases_v0.5.pdf , page15 used on input li
ne 109.
(pdftex.def)             Requested size: 562.1644pt x 795.0303pt.
[34

 <./use_cases/use_cases_v0.5.pdf>]
<activity_diagrams/UC06_activity.pdf, id=422, 633.36626pt x 713.66624pt>
File: activity_diagrams/UC06_activity.pdf Graphic file (type pdf)
<use activity_diagrams/UC06_activity.pdf>
Package pdftex.def Info: activity_diagrams/UC06_activity.pdf  used on input lin
e 109.
(pdftex.def)             Requested size: 234.00238pt x 263.67123pt.
<sequence_diagrams/UC06_sequence.pdf, id=423, 634.37pt x 369.38pt>
File: sequence_diagrams/UC06_sequence.pdf Graphic file (type pdf)
<use sequence_diagrams/UC06_sequence.pdf>
Package pdftex.def Info: sequence_diagrams/UC06_sequence.pdf  used on input lin
e 109.
(pdftex.def)             Requested size: 390.0pt x 227.0969pt.

Overfull \hbox (17.62482pt too wide) in paragraph at lines 109--110
[][]
 []


Underfull \hbox (badness 10000) in paragraph at lines 109--110

 []

[35 <./activity_diagrams/UC06_activity.pdf> <./sequence_diagrams/UC06_sequence.
pdf>]
Underfull \hbox (badness 10000) in paragraph at lines 110--110

 []


Underfull \hbox (badness 10000) in paragraph at lines 110--110

 []

File: use_cases/use_cases_v0.5.pdf Graphic file (type pdf)
<use use_cases/use_cases_v0.5.pdf>
Package pdftex.def Info: use_cases/use_cases_v0.5.pdf  used on input line 110.
(pdftex.def)             Requested size: 597.551pt x 845.07512pt.


pdfTeX warning: miktex-pdftex.exe (file ./use_cases/use_cases_v0.5.pdf): PDF in
clusion: found PDF version <1.7>, but at most version <1.5> allowed


pdfTeX warning: miktex-pdftex.exe (file ./use_cases/use_cases_v0.5.pdf): PDF in
clusion: found PDF version <1.7>, but at most version <1.5> allowed
<use_cases/use_cases_v0.5.pdf, id=454, page=16, 597.55246pt x 845.07718pt>
File: use_cases/use_cases_v0.5.pdf Graphic file (type pdf)
<use use_cases/use_cases_v0.5.pdf, page 16>
Package pdftex.def Info: use_cases/use_cases_v0.5.pdf , page16 used on input li
ne 110.
(pdftex.def)             Requested size: 597.551pt x 845.07512pt.
File: use_cases/use_cases_v0.5.pdf Graphic file (type pdf)
<use use_cases/use_cases_v0.5.pdf, page 16>
Package pdftex.def Info: use_cases/use_cases_v0.5.pdf , page16 used on input li
ne 110.
(pdftex.def)             Requested size: 562.1644pt x 795.0303pt.
[36]
File: use_cases/use_cases_v0.5.pdf Graphic file (type pdf)
<use use_cases/use_cases_v0.5.pdf, page 16>
Package pdftex.def Info: use_cases/use_cases_v0.5.pdf , page16 used on input li
ne 110.
(pdftex.def)             Requested size: 562.1644pt x 795.0303pt.
File: use_cases/use_cases_v0.5.pdf Graphic file (type pdf)
<use use_cases/use_cases_v0.5.pdf, page 16>
Package pdftex.def Info: use_cases/use_cases_v0.5.pdf , page16 used on input li
ne 110.
(pdftex.def)             Requested size: 562.1644pt x 795.0303pt.
File: use_cases/use_cases_v0.5.pdf Graphic file (type pdf)
<use use_cases/use_cases_v0.5.pdf, page 16>
Package pdftex.def Info: use_cases/use_cases_v0.5.pdf , page16 used on input li
ne 110.
(pdftex.def)             Requested size: 562.1644pt x 795.0303pt.
 [37

 <./use_cases/use_cases_v0.5.pdf>]
<activity_diagrams/UC07_activity.pdf, id=466, 578.16pt x 428.60126pt>
File: activity_diagrams/UC07_activity.pdf Graphic file (type pdf)
<use activity_diagrams/UC07_activity.pdf>
Package pdftex.def Info: activity_diagrams/UC07_activity.pdf  used on input lin
e 110.
(pdftex.def)             Requested size: 234.00238pt x 173.46483pt.
<sequence_diagrams/UC07_sequence.pdf, id=467, 467.7475pt x 280.04625pt>
File: sequence_diagrams/UC07_sequence.pdf Graphic file (type pdf)
<use sequence_diagrams/UC07_sequence.pdf>
Package pdftex.def Info: sequence_diagrams/UC07_sequence.pdf  used on input lin
e 110.
(pdftex.def)             Requested size: 390.0pt x 233.51086pt.

Overfull \hbox (17.62482pt too wide) in paragraph at lines 110--111
[][]
 []


Underfull \hbox (badness 10000) in paragraph at lines 110--111

 []



pdfTeX warning: miktex-pdftex.exe (file ./components/user_management_component.
pdf): PDF inclusion: found PDF version <1.7>, but at most version <1.5> allowed

<components/user_management_component.pdf, id=468, 648.62326pt x 916.02223pt>
File: components/user_management_component.pdf Graphic file (type pdf)
<use components/user_management_component.pdf>
Package pdftex.def Info: components/user_management_component.pdf  used on inpu
t line 114.
(pdftex.def)             Requested size: 296.39786pt x 418.59386pt.
[38 <./activity_diagrams/UC07_activity.pdf> <./sequence_diagrams/UC07_sequence.
pdf>] [39 <./components/user_management_component.pdf>]
Underfull \hbox (badness 10000) in paragraph at lines 115--115

 []


Underfull \hbox (badness 10000) in paragraph at lines 115--115

 []

File: use_cases/use_cases_v0.5.pdf Graphic file (type pdf)
<use use_cases/use_cases_v0.5.pdf>
Package pdftex.def Info: use_cases/use_cases_v0.5.pdf  used on input line 115.
(pdftex.def)             Requested size: 597.551pt x 845.07512pt.


pdfTeX warning: miktex-pdftex.exe (file ./use_cases/use_cases_v0.5.pdf): PDF in
clusion: found PDF version <1.7>, but at most version <1.5> allowed


pdfTeX warning: miktex-pdftex.exe (file ./use_cases/use_cases_v0.5.pdf): PDF in
clusion: found PDF version <1.7>, but at most version <1.5> allowed
<use_cases/use_cases_v0.5.pdf, id=536, page=4, 597.55246pt x 845.07718pt>
File: use_cases/use_cases_v0.5.pdf Graphic file (type pdf)
<use use_cases/use_cases_v0.5.pdf, page 4>
Package pdftex.def Info: use_cases/use_cases_v0.5.pdf , page4 used on input lin
e 115.
(pdftex.def)             Requested size: 597.551pt x 845.07512pt.
File: use_cases/use_cases_v0.5.pdf Graphic file (type pdf)
<use use_cases/use_cases_v0.5.pdf, page 4>
Package pdftex.def Info: use_cases/use_cases_v0.5.pdf , page4 used on input lin
e 115.
(pdftex.def)             Requested size: 562.1644pt x 795.0303pt.
[40]
File: use_cases/use_cases_v0.5.pdf Graphic file (type pdf)
<use use_cases/use_cases_v0.5.pdf, page 4>
Package pdftex.def Info: use_cases/use_cases_v0.5.pdf , page4 used on input lin
e 115.
(pdftex.def)             Requested size: 562.1644pt x 795.0303pt.
File: use_cases/use_cases_v0.5.pdf Graphic file (type pdf)
<use use_cases/use_cases_v0.5.pdf, page 4>
Package pdftex.def Info: use_cases/use_cases_v0.5.pdf , page4 used on input lin
e 115.
(pdftex.def)             Requested size: 562.1644pt x 795.0303pt.
File: use_cases/use_cases_v0.5.pdf Graphic file (type pdf)
<use use_cases/use_cases_v0.5.pdf, page 4>
Package pdftex.def Info: use_cases/use_cases_v0.5.pdf , page4 used on input lin
e 115.
(pdftex.def)             Requested size: 562.1644pt x 795.0303pt.
 [41

 <./use_cases/use_cases_v0.5.pdf>]
<activity_diagrams/UC02_activity.pdf, id=547, 658.46pt x 538.01pt>
File: activity_diagrams/UC02_activity.pdf Graphic file (type pdf)
<use activity_diagrams/UC02_activity.pdf>
Package pdftex.def Info: activity_diagrams/UC02_activity.pdf  used on input lin
e 115.
(pdftex.def)             Requested size: 234.00238pt x 191.19601pt.
<sequence_diagrams/UC02_sequence.pdf, id=548, 633.36626pt x 280.04625pt>
File: sequence_diagrams/UC02_sequence.pdf Graphic file (type pdf)
<use sequence_diagrams/UC02_sequence.pdf>
Package pdftex.def Info: sequence_diagrams/UC02_sequence.pdf  used on input lin
e 115.
(pdftex.def)             Requested size: 390.0pt x 172.4432pt.

Overfull \hbox (17.62482pt too wide) in paragraph at lines 115--116
[][]
 []


Underfull \hbox (badness 10000) in paragraph at lines 115--116

 []

[42 <./activity_diagrams/UC02_activity.pdf> <./sequence_diagrams/UC02_sequence.
pdf>]
Underfull \hbox (badness 10000) in paragraph at lines 116--116

 []


Underfull \hbox (badness 10000) in paragraph at lines 116--116

 []

File: use_cases/use_cases_v0.5.pdf Graphic file (type pdf)
<use use_cases/use_cases_v0.5.pdf>
Package pdftex.def Info: use_cases/use_cases_v0.5.pdf  used on input line 116.
(pdftex.def)             Requested size: 597.551pt x 845.07512pt.


pdfTeX warning: miktex-pdftex.exe (file ./use_cases/use_cases_v0.5.pdf): PDF in
clusion: found PDF version <1.7>, but at most version <1.5> allowed


pdfTeX warning: miktex-pdftex.exe (file ./use_cases/use_cases_v0.5.pdf): PDF in
clusion: found PDF version <1.7>, but at most version <1.5> allowed
<use_cases/use_cases_v0.5.pdf, id=579, page=5, 597.55246pt x 845.07718pt>
File: use_cases/use_cases_v0.5.pdf Graphic file (type pdf)
<use use_cases/use_cases_v0.5.pdf, page 5>
Package pdftex.def Info: use_cases/use_cases_v0.5.pdf , page5 used on input lin
e 116.
(pdftex.def)             Requested size: 597.551pt x 845.07512pt.
File: use_cases/use_cases_v0.5.pdf Graphic file (type pdf)
<use use_cases/use_cases_v0.5.pdf, page 5>
Package pdftex.def Info: use_cases/use_cases_v0.5.pdf , page5 used on input lin
e 116.
(pdftex.def)             Requested size: 562.1644pt x 795.0303pt.
[43]
File: use_cases/use_cases_v0.5.pdf Graphic file (type pdf)
<use use_cases/use_cases_v0.5.pdf, page 5>
Package pdftex.def Info: use_cases/use_cases_v0.5.pdf , page5 used on input lin
e 116.
(pdftex.def)             Requested size: 562.1644pt x 795.0303pt.
File: use_cases/use_cases_v0.5.pdf Graphic file (type pdf)
<use use_cases/use_cases_v0.5.pdf, page 5>
Package pdftex.def Info: use_cases/use_cases_v0.5.pdf , page5 used on input lin
e 116.
(pdftex.def)             Requested size: 562.1644pt x 795.0303pt.
File: use_cases/use_cases_v0.5.pdf Graphic file (type pdf)
<use use_cases/use_cases_v0.5.pdf, page 5>
Package pdftex.def Info: use_cases/use_cases_v0.5.pdf , page5 used on input lin
e 116.
(pdftex.def)             Requested size: 562.1644pt x 795.0303pt.
 [44

 <./use_cases/use_cases_v0.5.pdf>]
<activity_diagrams/UC03_activity.pdf, id=590, 578.16pt x 428.60126pt>
File: activity_diagrams/UC03_activity.pdf Graphic file (type pdf)
<use activity_diagrams/UC03_activity.pdf>
Package pdftex.def Info: activity_diagrams/UC03_activity.pdf  used on input lin
e 116.
(pdftex.def)             Requested size: 234.00238pt x 173.46483pt.
<sequence_diagrams/UC03_sequence.pdf, id=591, 633.36626pt x 323.2075pt>
File: sequence_diagrams/UC03_sequence.pdf Graphic file (type pdf)
<use sequence_diagrams/UC03_sequence.pdf>
Package pdftex.def Info: sequence_diagrams/UC03_sequence.pdf  used on input lin
e 116.
(pdftex.def)             Requested size: 390.0pt x 199.02048pt.

Overfull \hbox (17.62482pt too wide) in paragraph at lines 116--117
[][]
 []


Underfull \hbox (badness 10000) in paragraph at lines 116--117

 []

[45 <./activity_diagrams/UC03_activity.pdf> <./sequence_diagrams/UC03_sequence.
pdf>]
Underfull \hbox (badness 10000) in paragraph at lines 117--117

 []


Underfull \hbox (badness 10000) in paragraph at lines 117--117

 []

File: use_cases/use_cases_v0.5.pdf Graphic file (type pdf)
<use use_cases/use_cases_v0.5.pdf>
Package pdftex.def Info: use_cases/use_cases_v0.5.pdf  used on input line 117.
(pdftex.def)             Requested size: 597.551pt x 845.07512pt.


pdfTeX warning: miktex-pdftex.exe (file ./use_cases/use_cases_v0.5.pdf): PDF in
clusion: found PDF version <1.7>, but at most version <1.5> allowed


pdfTeX warning: miktex-pdftex.exe (file ./use_cases/use_cases_v0.5.pdf): PDF in
clusion: found PDF version <1.7>, but at most version <1.5> allowed
<use_cases/use_cases_v0.5.pdf, id=617, page=6, 597.55246pt x 845.07718pt>
File: use_cases/use_cases_v0.5.pdf Graphic file (type pdf)
<use use_cases/use_cases_v0.5.pdf, page 6>
Package pdftex.def Info: use_cases/use_cases_v0.5.pdf , page6 used on input lin
e 117.
(pdftex.def)             Requested size: 597.551pt x 845.07512pt.
File: use_cases/use_cases_v0.5.pdf Graphic file (type pdf)
<use use_cases/use_cases_v0.5.pdf, page 6>
Package pdftex.def Info: use_cases/use_cases_v0.5.pdf , page6 used on input lin
e 117.
(pdftex.def)             Requested size: 562.1644pt x 795.0303pt.
[46]
File: use_cases/use_cases_v0.5.pdf Graphic file (type pdf)
<use use_cases/use_cases_v0.5.pdf, page 6>
Package pdftex.def Info: use_cases/use_cases_v0.5.pdf , page6 used on input lin
e 117.
(pdftex.def)             Requested size: 562.1644pt x 795.0303pt.
File: use_cases/use_cases_v0.5.pdf Graphic file (type pdf)
<use use_cases/use_cases_v0.5.pdf, page 6>
Package pdftex.def Info: use_cases/use_cases_v0.5.pdf , page6 used on input lin
e 117.
(pdftex.def)             Requested size: 562.1644pt x 795.0303pt.
File: use_cases/use_cases_v0.5.pdf Graphic file (type pdf)
<use use_cases/use_cases_v0.5.pdf, page 6>
Package pdftex.def Info: use_cases/use_cases_v0.5.pdf , page6 used on input lin
e 117.
(pdftex.def)             Requested size: 562.1644pt x 795.0303pt.
 [47

 <./use_cases/use_cases_v0.5.pdf>]

pdfTeX warning: miktex-pdftex.exe (file ./use_cases/use_cases_v0.5.pdf): PDF in
clusion: found PDF version <1.7>, but at most version <1.5> allowed
<use_cases/use_cases_v0.5.pdf, id=628, page=7, 597.55246pt x 845.07718pt>
File: use_cases/use_cases_v0.5.pdf Graphic file (type pdf)
<use use_cases/use_cases_v0.5.pdf, page 7>
Package pdftex.def Info: use_cases/use_cases_v0.5.pdf , page7 used on input lin
e 117.
(pdftex.def)             Requested size: 562.1644pt x 795.0303pt.
File: use_cases/use_cases_v0.5.pdf Graphic file (type pdf)
<use use_cases/use_cases_v0.5.pdf, page 7>
Package pdftex.def Info: use_cases/use_cases_v0.5.pdf , page7 used on input lin
e 117.
(pdftex.def)             Requested size: 562.1644pt x 795.0303pt.
File: use_cases/use_cases_v0.5.pdf Graphic file (type pdf)
<use use_cases/use_cases_v0.5.pdf, page 7>
Package pdftex.def Info: use_cases/use_cases_v0.5.pdf , page7 used on input lin
e 117.
(pdftex.def)             Requested size: 562.1644pt x 795.0303pt.
[48

 <./use_cases/use_cases_v0.5.pdf>]

pdfTeX warning: miktex-pdftex.exe (file ./use_cases/use_cases_v0.5.pdf): PDF in
clusion: found PDF version <1.7>, but at most version <1.5> allowed
<use_cases/use_cases_v0.5.pdf, id=635, page=8, 597.55246pt x 845.07718pt>
File: use_cases/use_cases_v0.5.pdf Graphic file (type pdf)
<use use_cases/use_cases_v0.5.pdf, page 8>
Package pdftex.def Info: use_cases/use_cases_v0.5.pdf , page8 used on input lin
e 117.
(pdftex.def)             Requested size: 562.1644pt x 795.0303pt.
File: use_cases/use_cases_v0.5.pdf Graphic file (type pdf)
<use use_cases/use_cases_v0.5.pdf, page 8>
Package pdftex.def Info: use_cases/use_cases_v0.5.pdf , page8 used on input lin
e 117.
(pdftex.def)             Requested size: 562.1644pt x 795.0303pt.
File: use_cases/use_cases_v0.5.pdf Graphic file (type pdf)
<use use_cases/use_cases_v0.5.pdf, page 8>
Package pdftex.def Info: use_cases/use_cases_v0.5.pdf , page8 used on input lin
e 117.
(pdftex.def)             Requested size: 562.1644pt x 795.0303pt.
[49

 <./use_cases/use_cases_v0.5.pdf>]

pdfTeX warning: miktex-pdftex.exe (file ./use_cases/use_cases_v0.5.pdf): PDF in
clusion: found PDF version <1.7>, but at most version <1.5> allowed
<use_cases/use_cases_v0.5.pdf, id=641, page=9, 597.55246pt x 845.07718pt>
File: use_cases/use_cases_v0.5.pdf Graphic file (type pdf)
<use use_cases/use_cases_v0.5.pdf, page 9>
Package pdftex.def Info: use_cases/use_cases_v0.5.pdf , page9 used on input lin
e 117.
(pdftex.def)             Requested size: 562.1644pt x 795.0303pt.
File: use_cases/use_cases_v0.5.pdf Graphic file (type pdf)
<use use_cases/use_cases_v0.5.pdf, page 9>
Package pdftex.def Info: use_cases/use_cases_v0.5.pdf , page9 used on input lin
e 117.
(pdftex.def)             Requested size: 562.1644pt x 795.0303pt.
File: use_cases/use_cases_v0.5.pdf Graphic file (type pdf)
<use use_cases/use_cases_v0.5.pdf, page 9>
Package pdftex.def Info: use_cases/use_cases_v0.5.pdf , page9 used on input lin
e 117.
(pdftex.def)             Requested size: 562.1644pt x 795.0303pt.
[50

 <./use_cases/use_cases_v0.5.pdf>]
<activity_diagrams/UC04_activity.pdf, id=647, 1350.04375pt x 1115.16624pt>
File: activity_diagrams/UC04_activity.pdf Graphic file (type pdf)
<use activity_diagrams/UC04_activity.pdf>
Package pdftex.def Info: activity_diagrams/UC04_activity.pdf  used on input lin
e 117.
(pdftex.def)             Requested size: 234.00238pt x 193.28525pt.
<sequence_diagrams/UC04_sequence.pdf, id=648, 633.36626pt x 762.85pt>
File: sequence_diagrams/UC04_sequence.pdf Graphic file (type pdf)
<use sequence_diagrams/UC04_sequence.pdf>
Package pdftex.def Info: sequence_diagrams/UC04_sequence.pdf  used on input lin
e 117.
(pdftex.def)             Requested size: 390.0pt x 469.7378pt.

Overfull \hbox (17.62482pt too wide) in paragraph at lines 117--118
[][]
 []


Underfull \hbox (badness 10000) in paragraph at lines 117--118

 []

[51 <./activity_diagrams/UC04_activity.pdf>] [52 <./sequence_diagrams/UC04_sequ
ence.pdf>]
Underfull \hbox (badness 10000) in paragraph at lines 118--118

 []


Underfull \hbox (badness 10000) in paragraph at lines 118--118

 []

File: use_cases/use_cases_v0.5.pdf Graphic file (type pdf)
<use use_cases/use_cases_v0.5.pdf>
Package pdftex.def Info: use_cases/use_cases_v0.5.pdf  used on input line 118.
(pdftex.def)             Requested size: 597.551pt x 845.07512pt.


pdfTeX warning: miktex-pdftex.exe (file ./use_cases/use_cases_v0.5.pdf): PDF in
clusion: found PDF version <1.7>, but at most version <1.5> allowed


pdfTeX warning: miktex-pdftex.exe (file ./use_cases/use_cases_v0.5.pdf): PDF in
clusion: found PDF version <1.7>, but at most version <1.5> allowed
<use_cases/use_cases_v0.5.pdf, id=699, page=10, 597.55246pt x 845.07718pt>
File: use_cases/use_cases_v0.5.pdf Graphic file (type pdf)
<use use_cases/use_cases_v0.5.pdf, page 10>
Package pdftex.def Info: use_cases/use_cases_v0.5.pdf , page10 used on input li
ne 118.
(pdftex.def)             Requested size: 597.551pt x 845.07512pt.
File: use_cases/use_cases_v0.5.pdf Graphic file (type pdf)
<use use_cases/use_cases_v0.5.pdf, page 10>
Package pdftex.def Info: use_cases/use_cases_v0.5.pdf , page10 used on input li
ne 118.
(pdftex.def)             Requested size: 562.1644pt x 795.0303pt.
[53]
File: use_cases/use_cases_v0.5.pdf Graphic file (type pdf)
<use use_cases/use_cases_v0.5.pdf, page 10>
Package pdftex.def Info: use_cases/use_cases_v0.5.pdf , page10 used on input li
ne 118.
(pdftex.def)             Requested size: 562.1644pt x 795.0303pt.
File: use_cases/use_cases_v0.5.pdf Graphic file (type pdf)
<use use_cases/use_cases_v0.5.pdf, page 10>
Package pdftex.def Info: use_cases/use_cases_v0.5.pdf , page10 used on input li
ne 118.
(pdftex.def)             Requested size: 562.1644pt x 795.0303pt.
File: use_cases/use_cases_v0.5.pdf Graphic file (type pdf)
<use use_cases/use_cases_v0.5.pdf, page 10>
Package pdftex.def Info: use_cases/use_cases_v0.5.pdf , page10 used on input li
ne 118.
(pdftex.def)             Requested size: 562.1644pt x 795.0303pt.
 [54

 <./use_cases/use_cases_v0.5.pdf>]

pdfTeX warning: miktex-pdftex.exe (file ./use_cases/use_cases_v0.5.pdf): PDF in
clusion: found PDF version <1.7>, but at most version <1.5> allowed
<use_cases/use_cases_v0.5.pdf, id=711, page=11, 597.55246pt x 845.07718pt>
File: use_cases/use_cases_v0.5.pdf Graphic file (type pdf)
<use use_cases/use_cases_v0.5.pdf, page 11>
Package pdftex.def Info: use_cases/use_cases_v0.5.pdf , page11 used on input li
ne 118.
(pdftex.def)             Requested size: 562.1644pt x 795.0303pt.
File: use_cases/use_cases_v0.5.pdf Graphic file (type pdf)
<use use_cases/use_cases_v0.5.pdf, page 11>
Package pdftex.def Info: use_cases/use_cases_v0.5.pdf , page11 used on input li
ne 118.
(pdftex.def)             Requested size: 562.1644pt x 795.0303pt.
File: use_cases/use_cases_v0.5.pdf Graphic file (type pdf)
<use use_cases/use_cases_v0.5.pdf, page 11>
Package pdftex.def Info: use_cases/use_cases_v0.5.pdf , page11 used on input li
ne 118.
(pdftex.def)             Requested size: 562.1644pt x 795.0303pt.
[55

 <./use_cases/use_cases_v0.5.pdf>]

pdfTeX warning: miktex-pdftex.exe (file ./use_cases/use_cases_v0.5.pdf): PDF in
clusion: found PDF version <1.7>, but at most version <1.5> allowed
<use_cases/use_cases_v0.5.pdf, id=717, page=12, 597.55246pt x 845.07718pt>
File: use_cases/use_cases_v0.5.pdf Graphic file (type pdf)
<use use_cases/use_cases_v0.5.pdf, page 12>
Package pdftex.def Info: use_cases/use_cases_v0.5.pdf , page12 used on input li
ne 118.
(pdftex.def)             Requested size: 562.1644pt x 795.0303pt.
File: use_cases/use_cases_v0.5.pdf Graphic file (type pdf)
<use use_cases/use_cases_v0.5.pdf, page 12>
Package pdftex.def Info: use_cases/use_cases_v0.5.pdf , page12 used on input li
ne 118.
(pdftex.def)             Requested size: 562.1644pt x 795.0303pt.
File: use_cases/use_cases_v0.5.pdf Graphic file (type pdf)
<use use_cases/use_cases_v0.5.pdf, page 12>
Package pdftex.def Info: use_cases/use_cases_v0.5.pdf , page12 used on input li
ne 118.
(pdftex.def)             Requested size: 562.1644pt x 795.0303pt.
[56

 <./use_cases/use_cases_v0.5.pdf>]

pdfTeX warning: miktex-pdftex.exe (file ./use_cases/use_cases_v0.5.pdf): PDF in
clusion: found PDF version <1.7>, but at most version <1.5> allowed
<use_cases/use_cases_v0.5.pdf, id=723, page=13, 597.55246pt x 845.07718pt>
File: use_cases/use_cases_v0.5.pdf Graphic file (type pdf)
<use use_cases/use_cases_v0.5.pdf, page 13>
Package pdftex.def Info: use_cases/use_cases_v0.5.pdf , page13 used on input li
ne 118.
(pdftex.def)             Requested size: 562.1644pt x 795.0303pt.
File: use_cases/use_cases_v0.5.pdf Graphic file (type pdf)
<use use_cases/use_cases_v0.5.pdf, page 13>
Package pdftex.def Info: use_cases/use_cases_v0.5.pdf , page13 used on input li
ne 118.
(pdftex.def)             Requested size: 562.1644pt x 795.0303pt.
File: use_cases/use_cases_v0.5.pdf Graphic file (type pdf)
<use use_cases/use_cases_v0.5.pdf, page 13>
Package pdftex.def Info: use_cases/use_cases_v0.5.pdf , page13 used on input li
ne 118.
(pdftex.def)             Requested size: 562.1644pt x 795.0303pt.
[57

 <./use_cases/use_cases_v0.5.pdf>]
<activity_diagrams/UC05_activity.pdf, id=729, 633.36626pt x 1490.56876pt>
File: activity_diagrams/UC05_activity.pdf Graphic file (type pdf)
<use activity_diagrams/UC05_activity.pdf>
Package pdftex.def Info: activity_diagrams/UC05_activity.pdf  used on input lin
e 118.
(pdftex.def)             Requested size: 234.00238pt x 550.70576pt.

Overfull \vbox (2.20576pt too high) has occurred while \output is active []


[58 <./activity_diagrams/UC05_activity.pdf>]
<sequence_diagrams/UC05_sequence.pdf, id=758, 634.37pt x 537.00626pt>
File: sequence_diagrams/UC05_sequence.pdf Graphic file (type pdf)
<use sequence_diagrams/UC05_sequence.pdf>
Package pdftex.def Info: sequence_diagrams/UC05_sequence.pdf  used on input lin
e 118.
(pdftex.def)             Requested size: 390.0pt x 330.15446pt.

Overfull \hbox (17.62482pt too wide) in paragraph at lines 118--119
[][]
 []


Underfull \hbox (badness 10000) in paragraph at lines 118--119

 []



pdfTeX warning: miktex-pdftex.exe (file ./components/ticketing_management_compo
nent.pdf): PDF inclusion: found PDF version <1.7>, but at most version <1.5> al
lowed
<components/ticketing_management_component.pdf, id=759, 586.69188pt x 1008.7687
5pt>
File: components/ticketing_management_component.pdf Graphic file (type pdf)
<use components/ticketing_management_component.pdf>
Package pdftex.def Info: components/ticketing_management_component.pdf  used on
 input line 122.
(pdftex.def)             Requested size: 296.39786pt x 509.632pt.
[59 <./sequence_diagrams/UC05_sequence.pdf>] [60 <./components/ticketing_manage
ment_component.pdf>]
Underfull \hbox (badness 10000) in paragraph at lines 123--123

 []


Underfull \hbox (badness 10000) in paragraph at lines 123--123

 []

File: use_cases/use_cases_v0.5.pdf Graphic file (type pdf)
<use use_cases/use_cases_v0.5.pdf>
Package pdftex.def Info: use_cases/use_cases_v0.5.pdf  used on input line 123.
(pdftex.def)             Requested size: 597.551pt x 845.07512pt.


pdfTeX warning: miktex-pdftex.exe (file ./use_cases/use_cases_v0.5.pdf): PDF in
clusion: found PDF version <1.7>, but at most version <1.5> allowed


pdfTeX warning: miktex-pdftex.exe (file ./use_cases/use_cases_v0.5.pdf): PDF in
clusion: found PDF version <1.7>, but at most version <1.5> allowed
<use_cases/use_cases_v0.5.pdf, id=837, page=17, 597.55246pt x 845.07718pt>
File: use_cases/use_cases_v0.5.pdf Graphic file (type pdf)
<use use_cases/use_cases_v0.5.pdf, page 17>
Package pdftex.def Info: use_cases/use_cases_v0.5.pdf , page17 used on input li
ne 123.
(pdftex.def)             Requested size: 597.551pt x 845.07512pt.
File: use_cases/use_cases_v0.5.pdf Graphic file (type pdf)
<use use_cases/use_cases_v0.5.pdf, page 17>
Package pdftex.def Info: use_cases/use_cases_v0.5.pdf , page17 used on input li
ne 123.
(pdftex.def)             Requested size: 562.1644pt x 795.0303pt.
[61]
File: use_cases/use_cases_v0.5.pdf Graphic file (type pdf)
<use use_cases/use_cases_v0.5.pdf, page 17>
Package pdftex.def Info: use_cases/use_cases_v0.5.pdf , page17 used on input li
ne 123.
(pdftex.def)             Requested size: 562.1644pt x 795.0303pt.
File: use_cases/use_cases_v0.5.pdf Graphic file (type pdf)
<use use_cases/use_cases_v0.5.pdf, page 17>
Package pdftex.def Info: use_cases/use_cases_v0.5.pdf , page17 used on input li
ne 123.
(pdftex.def)             Requested size: 562.1644pt x 795.0303pt.
File: use_cases/use_cases_v0.5.pdf Graphic file (type pdf)
<use use_cases/use_cases_v0.5.pdf, page 17>
Package pdftex.def Info: use_cases/use_cases_v0.5.pdf , page17 used on input li
ne 123.
(pdftex.def)             Requested size: 562.1644pt x 795.0303pt.
 [62

 <./use_cases/use_cases_v0.5.pdf>]
<activity_diagrams/UC08_activity.pdf, id=848, 578.16pt x 428.60126pt>
File: activity_diagrams/UC08_activity.pdf Graphic file (type pdf)
<use activity_diagrams/UC08_activity.pdf>
Package pdftex.def Info: activity_diagrams/UC08_activity.pdf  used on input lin
e 123.
(pdftex.def)             Requested size: 234.00238pt x 173.46483pt.
<sequence_diagrams/UC08_sequence.pdf, id=849, 634.37pt x 323.2075pt>
File: sequence_diagrams/UC08_sequence.pdf Graphic file (type pdf)
<use sequence_diagrams/UC08_sequence.pdf>
Package pdftex.def Info: sequence_diagrams/UC08_sequence.pdf  used on input lin
e 123.
(pdftex.def)             Requested size: 390.0pt x 198.70978pt.

Overfull \hbox (17.62482pt too wide) in paragraph at lines 123--124
[][]
 []


Underfull \hbox (badness 10000) in paragraph at lines 123--124

 []

[63 <./activity_diagrams/UC08_activity.pdf> <./sequence_diagrams/UC08_sequence.
pdf>]
Underfull \hbox (badness 10000) in paragraph at lines 124--124

 []


Underfull \hbox (badness 10000) in paragraph at lines 124--124

 []

File: use_cases/use_cases_v0.5.pdf Graphic file (type pdf)
<use use_cases/use_cases_v0.5.pdf>
Package pdftex.def Info: use_cases/use_cases_v0.5.pdf  used on input line 124.
(pdftex.def)             Requested size: 597.551pt x 845.07512pt.


pdfTeX warning: miktex-pdftex.exe (file ./use_cases/use_cases_v0.5.pdf): PDF in
clusion: found PDF version <1.7>, but at most version <1.5> allowed


pdfTeX warning: miktex-pdftex.exe (file ./use_cases/use_cases_v0.5.pdf): PDF in
clusion: found PDF version <1.7>, but at most version <1.5> allowed
<use_cases/use_cases_v0.5.pdf, id=875, page=18, 597.55246pt x 845.07718pt>
File: use_cases/use_cases_v0.5.pdf Graphic file (type pdf)
<use use_cases/use_cases_v0.5.pdf, page 18>
Package pdftex.def Info: use_cases/use_cases_v0.5.pdf , page18 used on input li
ne 124.
(pdftex.def)             Requested size: 597.551pt x 845.07512pt.
File: use_cases/use_cases_v0.5.pdf Graphic file (type pdf)
<use use_cases/use_cases_v0.5.pdf, page 18>
Package pdftex.def Info: use_cases/use_cases_v0.5.pdf , page18 used on input li
ne 124.
(pdftex.def)             Requested size: 562.1644pt x 795.0303pt.
[64]
File: use_cases/use_cases_v0.5.pdf Graphic file (type pdf)
<use use_cases/use_cases_v0.5.pdf, page 18>
Package pdftex.def Info: use_cases/use_cases_v0.5.pdf , page18 used on input li
ne 124.
(pdftex.def)             Requested size: 562.1644pt x 795.0303pt.
File: use_cases/use_cases_v0.5.pdf Graphic file (type pdf)
<use use_cases/use_cases_v0.5.pdf, page 18>
Package pdftex.def Info: use_cases/use_cases_v0.5.pdf , page18 used on input li
ne 124.
(pdftex.def)             Requested size: 562.1644pt x 795.0303pt.
File: use_cases/use_cases_v0.5.pdf Graphic file (type pdf)
<use use_cases/use_cases_v0.5.pdf, page 18>
Package pdftex.def Info: use_cases/use_cases_v0.5.pdf , page18 used on input li
ne 124.
(pdftex.def)             Requested size: 562.1644pt x 795.0303pt.
 [65

 <./use_cases/use_cases_v0.5.pdf>]

pdfTeX warning: miktex-pdftex.exe (file ./use_cases/use_cases_v0.5.pdf): PDF in
clusion: found PDF version <1.7>, but at most version <1.5> allowed
<use_cases/use_cases_v0.5.pdf, id=886, page=19, 597.55246pt x 845.07718pt>
File: use_cases/use_cases_v0.5.pdf Graphic file (type pdf)
<use use_cases/use_cases_v0.5.pdf, page 19>
Package pdftex.def Info: use_cases/use_cases_v0.5.pdf , page19 used on input li
ne 124.
(pdftex.def)             Requested size: 562.1644pt x 795.0303pt.
File: use_cases/use_cases_v0.5.pdf Graphic file (type pdf)
<use use_cases/use_cases_v0.5.pdf, page 19>
Package pdftex.def Info: use_cases/use_cases_v0.5.pdf , page19 used on input li
ne 124.
(pdftex.def)             Requested size: 562.1644pt x 795.0303pt.
File: use_cases/use_cases_v0.5.pdf Graphic file (type pdf)
<use use_cases/use_cases_v0.5.pdf, page 19>
Package pdftex.def Info: use_cases/use_cases_v0.5.pdf , page19 used on input li
ne 124.
(pdftex.def)             Requested size: 562.1644pt x 795.0303pt.
[66

 <./use_cases/use_cases_v0.5.pdf>]
<activity_diagrams/UC09_activity.pdf, id=893, 1054.94125pt x 745.78625pt>
File: activity_diagrams/UC09_activity.pdf Graphic file (type pdf)
<use activity_diagrams/UC09_activity.pdf>
Package pdftex.def Info: activity_diagrams/UC09_activity.pdf  used on input lin
e 124.
(pdftex.def)             Requested size: 234.00238pt x 165.41629pt.
<sequence_diagrams/UC09_sequence.pdf, id=894, 890.32625pt x 406.51875pt>
File: sequence_diagrams/UC09_sequence.pdf Graphic file (type pdf)
<use sequence_diagrams/UC09_sequence.pdf>
Package pdftex.def Info: sequence_diagrams/UC09_sequence.pdf  used on input lin
e 124.
(pdftex.def)             Requested size: 390.0pt x 178.0686pt.

Overfull \hbox (17.62482pt too wide) in paragraph at lines 124--125
[][]
 []


Underfull \hbox (badness 10000) in paragraph at lines 124--125

 []

[67 <./activity_diagrams/UC09_activity.pdf> <./sequence_diagrams/UC09_sequence.
pdf>]
Underfull \hbox (badness 10000) in paragraph at lines 125--125

 []


Underfull \hbox (badness 10000) in paragraph at lines 125--125

 []

File: use_cases/use_cases_v0.5.pdf Graphic file (type pdf)
<use use_cases/use_cases_v0.5.pdf>
Package pdftex.def Info: use_cases/use_cases_v0.5.pdf  used on input line 125.
(pdftex.def)             Requested size: 597.551pt x 845.07512pt.


pdfTeX warning: miktex-pdftex.exe (file ./use_cases/use_cases_v0.5.pdf): PDF in
clusion: found PDF version <1.7>, but at most version <1.5> allowed


pdfTeX warning: miktex-pdftex.exe (file ./use_cases/use_cases_v0.5.pdf): PDF in
clusion: found PDF version <1.7>, but at most version <1.5> allowed
<use_cases/use_cases_v0.5.pdf, id=931, page=20, 597.55246pt x 845.07718pt>
File: use_cases/use_cases_v0.5.pdf Graphic file (type pdf)
<use use_cases/use_cases_v0.5.pdf, page 20>
Package pdftex.def Info: use_cases/use_cases_v0.5.pdf , page20 used on input li
ne 125.
(pdftex.def)             Requested size: 597.551pt x 845.07512pt.
File: use_cases/use_cases_v0.5.pdf Graphic file (type pdf)
<use use_cases/use_cases_v0.5.pdf, page 20>
Package pdftex.def Info: use_cases/use_cases_v0.5.pdf , page20 used on input li
ne 125.
(pdftex.def)             Requested size: 562.1644pt x 795.0303pt.
[68]
File: use_cases/use_cases_v0.5.pdf Graphic file (type pdf)
<use use_cases/use_cases_v0.5.pdf, page 20>
Package pdftex.def Info: use_cases/use_cases_v0.5.pdf , page20 used on input li
ne 125.
(pdftex.def)             Requested size: 562.1644pt x 795.0303pt.
File: use_cases/use_cases_v0.5.pdf Graphic file (type pdf)
<use use_cases/use_cases_v0.5.pdf, page 20>
Package pdftex.def Info: use_cases/use_cases_v0.5.pdf , page20 used on input li
ne 125.
(pdftex.def)             Requested size: 562.1644pt x 795.0303pt.
File: use_cases/use_cases_v0.5.pdf Graphic file (type pdf)
<use use_cases/use_cases_v0.5.pdf, page 20>
Package pdftex.def Info: use_cases/use_cases_v0.5.pdf , page20 used on input li
ne 125.
(pdftex.def)             Requested size: 562.1644pt x 795.0303pt.
 [69

 <./use_cases/use_cases_v0.5.pdf>]

pdfTeX warning: miktex-pdftex.exe (file ./use_cases/use_cases_v0.5.pdf): PDF in
clusion: found PDF version <1.7>, but at most version <1.5> allowed
<use_cases/use_cases_v0.5.pdf, id=942, page=21, 597.55246pt x 845.07718pt>
File: use_cases/use_cases_v0.5.pdf Graphic file (type pdf)
<use use_cases/use_cases_v0.5.pdf, page 21>
Package pdftex.def Info: use_cases/use_cases_v0.5.pdf , page21 used on input li
ne 125.
(pdftex.def)             Requested size: 562.1644pt x 795.0303pt.
File: use_cases/use_cases_v0.5.pdf Graphic file (type pdf)
<use use_cases/use_cases_v0.5.pdf, page 21>
Package pdftex.def Info: use_cases/use_cases_v0.5.pdf , page21 used on input li
ne 125.
(pdftex.def)             Requested size: 562.1644pt x 795.0303pt.
File: use_cases/use_cases_v0.5.pdf Graphic file (type pdf)
<use use_cases/use_cases_v0.5.pdf, page 21>
Package pdftex.def Info: use_cases/use_cases_v0.5.pdf , page21 used on input li
ne 125.
(pdftex.def)             Requested size: 562.1644pt x 795.0303pt.
[70

 <./use_cases/use_cases_v0.5.pdf>]
<activity_diagrams/UC10_activity.pdf, id=948, 1054.94125pt x 746.79pt>
File: activity_diagrams/UC10_activity.pdf Graphic file (type pdf)
<use activity_diagrams/UC10_activity.pdf>
Package pdftex.def Info: activity_diagrams/UC10_activity.pdf  used on input lin
e 125.
(pdftex.def)             Requested size: 234.00238pt x 165.63892pt.
<sequence_diagrams/UC10_sequence.pdf, id=949, 889.3225pt x 406.51875pt>
File: sequence_diagrams/UC10_sequence.pdf Graphic file (type pdf)
<use sequence_diagrams/UC10_sequence.pdf>
Package pdftex.def Info: sequence_diagrams/UC10_sequence.pdf  used on input lin
e 125.
(pdftex.def)             Requested size: 390.0pt x 178.27332pt.

Overfull \hbox (17.62482pt too wide) in paragraph at lines 125--126
[][]
 []


Underfull \hbox (badness 10000) in paragraph at lines 125--126

 []

[71 <./activity_diagrams/UC10_activity.pdf> <./sequence_diagrams/UC10_sequence.
pdf>]
Underfull \hbox (badness 10000) in paragraph at lines 126--126

 []


Underfull \hbox (badness 10000) in paragraph at lines 126--126

 []

File: use_cases/use_cases_v0.5.pdf Graphic file (type pdf)
<use use_cases/use_cases_v0.5.pdf>
Package pdftex.def Info: use_cases/use_cases_v0.5.pdf  used on input line 126.
(pdftex.def)             Requested size: 597.551pt x 845.07512pt.


pdfTeX warning: miktex-pdftex.exe (file ./use_cases/use_cases_v0.5.pdf): PDF in
clusion: found PDF version <1.7>, but at most version <1.5> allowed


pdfTeX warning: miktex-pdftex.exe (file ./use_cases/use_cases_v0.5.pdf): PDF in
clusion: found PDF version <1.7>, but at most version <1.5> allowed
<use_cases/use_cases_v0.5.pdf, id=986, page=22, 597.55246pt x 845.07718pt>
File: use_cases/use_cases_v0.5.pdf Graphic file (type pdf)
<use use_cases/use_cases_v0.5.pdf, page 22>
Package pdftex.def Info: use_cases/use_cases_v0.5.pdf , page22 used on input li
ne 126.
(pdftex.def)             Requested size: 597.551pt x 845.07512pt.
File: use_cases/use_cases_v0.5.pdf Graphic file (type pdf)
<use use_cases/use_cases_v0.5.pdf, page 22>
Package pdftex.def Info: use_cases/use_cases_v0.5.pdf , page22 used on input li
ne 126.
(pdftex.def)             Requested size: 562.1644pt x 795.0303pt.
[72]
File: use_cases/use_cases_v0.5.pdf Graphic file (type pdf)
<use use_cases/use_cases_v0.5.pdf, page 22>
Package pdftex.def Info: use_cases/use_cases_v0.5.pdf , page22 used on input li
ne 126.
(pdftex.def)             Requested size: 562.1644pt x 795.0303pt.
File: use_cases/use_cases_v0.5.pdf Graphic file (type pdf)
<use use_cases/use_cases_v0.5.pdf, page 22>
Package pdftex.def Info: use_cases/use_cases_v0.5.pdf , page22 used on input li
ne 126.
(pdftex.def)             Requested size: 562.1644pt x 795.0303pt.
File: use_cases/use_cases_v0.5.pdf Graphic file (type pdf)
<use use_cases/use_cases_v0.5.pdf, page 22>
Package pdftex.def Info: use_cases/use_cases_v0.5.pdf , page22 used on input li
ne 126.
(pdftex.def)             Requested size: 562.1644pt x 795.0303pt.
 [73

 <./use_cases/use_cases_v0.5.pdf>]
<activity_diagrams/UC11_activity.pdf, id=998, 578.16pt x 428.60126pt>
File: activity_diagrams/UC11_activity.pdf Graphic file (type pdf)
<use activity_diagrams/UC11_activity.pdf>
Package pdftex.def Info: activity_diagrams/UC11_activity.pdf  used on input lin
e 126.
(pdftex.def)             Requested size: 234.00238pt x 173.46483pt.
<sequence_diagrams/UC11_sequence.pdf, id=999, 634.37pt x 323.2075pt>
File: sequence_diagrams/UC11_sequence.pdf Graphic file (type pdf)
<use sequence_diagrams/UC11_sequence.pdf>
Package pdftex.def Info: sequence_diagrams/UC11_sequence.pdf  used on input lin
e 126.
(pdftex.def)             Requested size: 390.0pt x 198.70978pt.

Overfull \hbox (17.62482pt too wide) in paragraph at lines 126--127
[][]
 []


Underfull \hbox (badness 10000) in paragraph at lines 126--127

 []

File: components/ticketing_management_component.pdf Graphic file (type pdf)
<use components/ticketing_management_component.pdf>
Package pdftex.def Info: components/ticketing_management_component.pdf  used on
 input line 130.
(pdftex.def)             Requested size: 296.39786pt x 509.632pt.
[74 <./activity_diagrams/UC11_activity.pdf> <./sequence_diagrams/UC11_sequence.
pdf>] [75]
Underfull \hbox (badness 10000) in paragraph at lines 131--131

 []


Underfull \hbox (badness 10000) in paragraph at lines 131--131

 []

File: use_cases/use_cases_v0.5.pdf Graphic file (type pdf)
<use use_cases/use_cases_v0.5.pdf>
Package pdftex.def Info: use_cases/use_cases_v0.5.pdf  used on input line 131.
(pdftex.def)             Requested size: 597.551pt x 845.07512pt.


pdfTeX warning: miktex-pdftex.exe (file ./use_cases/use_cases_v0.5.pdf): PDF in
clusion: found PDF version <1.7>, but at most version <1.5> allowed


pdfTeX warning: miktex-pdftex.exe (file ./use_cases/use_cases_v0.5.pdf): PDF in
clusion: found PDF version <1.7>, but at most version <1.5> allowed
<use_cases/use_cases_v0.5.pdf, id=1031, page=23, 597.55246pt x 845.07718pt>
File: use_cases/use_cases_v0.5.pdf Graphic file (type pdf)
<use use_cases/use_cases_v0.5.pdf, page 23>
Package pdftex.def Info: use_cases/use_cases_v0.5.pdf , page23 used on input li
ne 131.
(pdftex.def)             Requested size: 597.551pt x 845.07512pt.
File: use_cases/use_cases_v0.5.pdf Graphic file (type pdf)
<use use_cases/use_cases_v0.5.pdf, page 23>
Package pdftex.def Info: use_cases/use_cases_v0.5.pdf , page23 used on input li
ne 131.
(pdftex.def)             Requested size: 562.1644pt x 795.0303pt.
[76]
File: use_cases/use_cases_v0.5.pdf Graphic file (type pdf)
<use use_cases/use_cases_v0.5.pdf, page 23>
Package pdftex.def Info: use_cases/use_cases_v0.5.pdf , page23 used on input li
ne 131.
(pdftex.def)             Requested size: 562.1644pt x 795.0303pt.
File: use_cases/use_cases_v0.5.pdf Graphic file (type pdf)
<use use_cases/use_cases_v0.5.pdf, page 23>
Package pdftex.def Info: use_cases/use_cases_v0.5.pdf , page23 used on input li
ne 131.
(pdftex.def)             Requested size: 562.1644pt x 795.0303pt.
File: use_cases/use_cases_v0.5.pdf Graphic file (type pdf)
<use use_cases/use_cases_v0.5.pdf, page 23>
Package pdftex.def Info: use_cases/use_cases_v0.5.pdf , page23 used on input li
ne 131.
(pdftex.def)             Requested size: 562.1644pt x 795.0303pt.
 [77

 <./use_cases/use_cases_v0.5.pdf>]

pdfTeX warning: miktex-pdftex.exe (file ./use_cases/use_cases_v0.5.pdf): PDF in
clusion: found PDF version <1.7>, but at most version <1.5> allowed
<use_cases/use_cases_v0.5.pdf, id=1042, page=24, 597.55246pt x 845.07718pt>
File: use_cases/use_cases_v0.5.pdf Graphic file (type pdf)
<use use_cases/use_cases_v0.5.pdf, page 24>
Package pdftex.def Info: use_cases/use_cases_v0.5.pdf , page24 used on input li
ne 131.
(pdftex.def)             Requested size: 562.1644pt x 795.0303pt.
File: use_cases/use_cases_v0.5.pdf Graphic file (type pdf)
<use use_cases/use_cases_v0.5.pdf, page 24>
Package pdftex.def Info: use_cases/use_cases_v0.5.pdf , page24 used on input li
ne 131.
(pdftex.def)             Requested size: 562.1644pt x 795.0303pt.
File: use_cases/use_cases_v0.5.pdf Graphic file (type pdf)
<use use_cases/use_cases_v0.5.pdf, page 24>
Package pdftex.def Info: use_cases/use_cases_v0.5.pdf , page24 used on input li
ne 131.
(pdftex.def)             Requested size: 562.1644pt x 795.0303pt.
[78

 <./use_cases/use_cases_v0.5.pdf>]
<activity_diagrams/UC12_activity.pdf, id=1049, 634.37pt x 1420.30624pt>
File: activity_diagrams/UC12_activity.pdf Graphic file (type pdf)
<use activity_diagrams/UC12_activity.pdf>
Package pdftex.def Info: activity_diagrams/UC12_activity.pdf  used on input lin
e 131.
(pdftex.def)             Requested size: 234.00238pt x 523.90135pt.
<sequence_diagrams/UC12_sequence.pdf, id=1050, 634.37pt x 604.2575pt>
File: sequence_diagrams/UC12_sequence.pdf Graphic file (type pdf)
<use sequence_diagrams/UC12_sequence.pdf>
Package pdftex.def Info: sequence_diagrams/UC12_sequence.pdf  used on input lin
e 131.
(pdftex.def)             Requested size: 390.0pt x 371.5009pt.

Overfull \hbox (17.62482pt too wide) in paragraph at lines 131--132
[][]
 []


Underfull \hbox (badness 10000) in paragraph at lines 131--132

 []

[79 <./activity_diagrams/UC12_activity.pdf>] [80 <./sequence_diagrams/UC12_sequ
ence.pdf>]
Underfull \hbox (badness 10000) in paragraph at lines 132--132

 []


Underfull \hbox (badness 10000) in paragraph at lines 132--132

 []

File: use_cases/use_cases_v0.5.pdf Graphic file (type pdf)
<use use_cases/use_cases_v0.5.pdf>
Package pdftex.def Info: use_cases/use_cases_v0.5.pdf  used on input line 132.
(pdftex.def)             Requested size: 597.551pt x 845.07512pt.


pdfTeX warning: miktex-pdftex.exe (file ./use_cases/use_cases_v0.5.pdf): PDF in
clusion: found PDF version <1.7>, but at most version <1.5> allowed


pdfTeX warning: miktex-pdftex.exe (file ./use_cases/use_cases_v0.5.pdf): PDF in
clusion: found PDF version <1.7>, but at most version <1.5> allowed
<use_cases/use_cases_v0.5.pdf, id=1100, page=25, 597.55246pt x 845.07718pt>
File: use_cases/use_cases_v0.5.pdf Graphic file (type pdf)
<use use_cases/use_cases_v0.5.pdf, page 25>
Package pdftex.def Info: use_cases/use_cases_v0.5.pdf , page25 used on input li
ne 132.
(pdftex.def)             Requested size: 597.551pt x 845.07512pt.
File: use_cases/use_cases_v0.5.pdf Graphic file (type pdf)
<use use_cases/use_cases_v0.5.pdf, page 25>
Package pdftex.def Info: use_cases/use_cases_v0.5.pdf , page25 used on input li
ne 132.
(pdftex.def)             Requested size: 562.1644pt x 795.0303pt.
[81]
File: use_cases/use_cases_v0.5.pdf Graphic file (type pdf)
<use use_cases/use_cases_v0.5.pdf, page 25>
Package pdftex.def Info: use_cases/use_cases_v0.5.pdf , page25 used on input li
ne 132.
(pdftex.def)             Requested size: 562.1644pt x 795.0303pt.
File: use_cases/use_cases_v0.5.pdf Graphic file (type pdf)
<use use_cases/use_cases_v0.5.pdf, page 25>
Package pdftex.def Info: use_cases/use_cases_v0.5.pdf , page25 used on input li
ne 132.
(pdftex.def)             Requested size: 562.1644pt x 795.0303pt.
File: use_cases/use_cases_v0.5.pdf Graphic file (type pdf)
<use use_cases/use_cases_v0.5.pdf, page 25>
Package pdftex.def Info: use_cases/use_cases_v0.5.pdf , page25 used on input li
ne 132.
(pdftex.def)             Requested size: 562.1644pt x 795.0303pt.
 [82

 <./use_cases/use_cases_v0.5.pdf>]

pdfTeX warning: miktex-pdftex.exe (file ./use_cases/use_cases_v0.5.pdf): PDF in
clusion: found PDF version <1.7>, but at most version <1.5> allowed
<use_cases/use_cases_v0.5.pdf, id=1111, page=26, 597.55246pt x 845.07718pt>
File: use_cases/use_cases_v0.5.pdf Graphic file (type pdf)
<use use_cases/use_cases_v0.5.pdf, page 26>
Package pdftex.def Info: use_cases/use_cases_v0.5.pdf , page26 used on input li
ne 132.
(pdftex.def)             Requested size: 562.1644pt x 795.0303pt.
File: use_cases/use_cases_v0.5.pdf Graphic file (type pdf)
<use use_cases/use_cases_v0.5.pdf, page 26>
Package pdftex.def Info: use_cases/use_cases_v0.5.pdf , page26 used on input li
ne 132.
(pdftex.def)             Requested size: 562.1644pt x 795.0303pt.
File: use_cases/use_cases_v0.5.pdf Graphic file (type pdf)
<use use_cases/use_cases_v0.5.pdf, page 26>
Package pdftex.def Info: use_cases/use_cases_v0.5.pdf , page26 used on input li
ne 132.
(pdftex.def)             Requested size: 562.1644pt x 795.0303pt.
[83

 <./use_cases/use_cases_v0.5.pdf>]
<activity_diagrams/UC12.1_activity.pdf, id=1117, 634.37pt x 1125.20375pt>
File: activity_diagrams/UC12.1_activity.pdf Graphic file (type pdf)
<use activity_diagrams/UC12.1_activity.pdf>
Package pdftex.def Info: activity_diagrams/UC12.1_activity.pdf  used on input l
ine 132.
(pdftex.def)             Requested size: 234.00238pt x 415.04836pt.
<sequence_diagrams/UC12.1_sequence.pdf, id=1118, 540.0175pt x 277.035pt>
File: sequence_diagrams/UC12.1_sequence.pdf Graphic file (type pdf)
<use sequence_diagrams/UC12.1_sequence.pdf>
Package pdftex.def Info: sequence_diagrams/UC12.1_sequence.pdf  used on input l
ine 132.
(pdftex.def)             Requested size: 390.0pt x 200.07799pt.

Overfull \hbox (17.62482pt too wide) in paragraph at lines 132--133
[][]
 []


Underfull \hbox (badness 10000) in paragraph at lines 132--133

 []

[84 <./activity_diagrams/UC12.1_activity.pdf>] [85 <./sequence_diagrams/UC12.1_
sequence.pdf>]
Underfull \hbox (badness 10000) in paragraph at lines 133--133

 []


Underfull \hbox (badness 10000) in paragraph at lines 133--133

 []

File: use_cases/use_cases_v0.5.pdf Graphic file (type pdf)
<use use_cases/use_cases_v0.5.pdf>
Package pdftex.def Info: use_cases/use_cases_v0.5.pdf  used on input line 133.
(pdftex.def)             Requested size: 597.551pt x 845.07512pt.


pdfTeX warning: miktex-pdftex.exe (file ./use_cases/use_cases_v0.5.pdf): PDF in
clusion: found PDF version <1.7>, but at most version <1.5> allowed


pdfTeX warning: miktex-pdftex.exe (file ./use_cases/use_cases_v0.5.pdf): PDF in
clusion: found PDF version <1.7>, but at most version <1.5> allowed
<use_cases/use_cases_v0.5.pdf, id=1155, page=27, 597.55246pt x 845.07718pt>
File: use_cases/use_cases_v0.5.pdf Graphic file (type pdf)
<use use_cases/use_cases_v0.5.pdf, page 27>
Package pdftex.def Info: use_cases/use_cases_v0.5.pdf , page27 used on input li
ne 133.
(pdftex.def)             Requested size: 597.551pt x 845.07512pt.
File: use_cases/use_cases_v0.5.pdf Graphic file (type pdf)
<use use_cases/use_cases_v0.5.pdf, page 27>
Package pdftex.def Info: use_cases/use_cases_v0.5.pdf , page27 used on input li
ne 133.
(pdftex.def)             Requested size: 562.1644pt x 795.0303pt.
[86]
File: use_cases/use_cases_v0.5.pdf Graphic file (type pdf)
<use use_cases/use_cases_v0.5.pdf, page 27>
Package pdftex.def Info: use_cases/use_cases_v0.5.pdf , page27 used on input li
ne 133.
(pdftex.def)             Requested size: 562.1644pt x 795.0303pt.
File: use_cases/use_cases_v0.5.pdf Graphic file (type pdf)
<use use_cases/use_cases_v0.5.pdf, page 27>
Package pdftex.def Info: use_cases/use_cases_v0.5.pdf , page27 used on input li
ne 133.
(pdftex.def)             Requested size: 562.1644pt x 795.0303pt.
File: use_cases/use_cases_v0.5.pdf Graphic file (type pdf)
<use use_cases/use_cases_v0.5.pdf, page 27>
Package pdftex.def Info: use_cases/use_cases_v0.5.pdf , page27 used on input li
ne 133.
(pdftex.def)             Requested size: 562.1644pt x 795.0303pt.
 [87

 <./use_cases/use_cases_v0.5.pdf>]
<activity_diagrams/UC12.2_activity.pdf, id=1166, 578.16pt x 428.60126pt>
File: activity_diagrams/UC12.2_activity.pdf Graphic file (type pdf)
<use activity_diagrams/UC12.2_activity.pdf>
Package pdftex.def Info: activity_diagrams/UC12.2_activity.pdf  used on input l
ine 133.
(pdftex.def)             Requested size: 234.00238pt x 173.46483pt.
<sequence_diagrams/UC12.2_sequence.pdf, id=1167, 634.37pt x 323.2075pt>
File: sequence_diagrams/UC12.2_sequence.pdf Graphic file (type pdf)
<use sequence_diagrams/UC12.2_sequence.pdf>
Package pdftex.def Info: sequence_diagrams/UC12.2_sequence.pdf  used on input l
ine 133.
(pdftex.def)             Requested size: 390.0pt x 198.70978pt.

Overfull \hbox (17.62482pt too wide) in paragraph at lines 133--134
[][]
 []


Underfull \hbox (badness 10000) in paragraph at lines 133--134

 []

File: components/ticketing_management_component.pdf Graphic file (type pdf)
<use components/ticketing_management_component.pdf>
Package pdftex.def Info: components/ticketing_management_component.pdf  used on
 input line 137.
(pdftex.def)             Requested size: 296.39786pt x 509.632pt.
[88 <./activity_diagrams/UC12.2_activity.pdf> <./sequence_diagrams/UC12.2_seque
nce.pdf>] [89]
Underfull \hbox (badness 10000) in paragraph at lines 138--138

 []


Underfull \hbox (badness 10000) in paragraph at lines 138--138

 []

File: use_cases/use_cases_v0.5.pdf Graphic file (type pdf)
<use use_cases/use_cases_v0.5.pdf>
Package pdftex.def Info: use_cases/use_cases_v0.5.pdf  used on input line 138.
(pdftex.def)             Requested size: 597.551pt x 845.07512pt.


pdfTeX warning: miktex-pdftex.exe (file ./use_cases/use_cases_v0.5.pdf): PDF in
clusion: found PDF version <1.7>, but at most version <1.5> allowed


pdfTeX warning: miktex-pdftex.exe (file ./use_cases/use_cases_v0.5.pdf): PDF in
clusion: found PDF version <1.7>, but at most version <1.5> allowed
<use_cases/use_cases_v0.5.pdf, id=1199, page=28, 597.55246pt x 845.07718pt>
File: use_cases/use_cases_v0.5.pdf Graphic file (type pdf)
<use use_cases/use_cases_v0.5.pdf, page 28>
Package pdftex.def Info: use_cases/use_cases_v0.5.pdf , page28 used on input li
ne 138.
(pdftex.def)             Requested size: 597.551pt x 845.07512pt.
File: use_cases/use_cases_v0.5.pdf Graphic file (type pdf)
<use use_cases/use_cases_v0.5.pdf, page 28>
Package pdftex.def Info: use_cases/use_cases_v0.5.pdf , page28 used on input li
ne 138.
(pdftex.def)             Requested size: 562.1644pt x 795.0303pt.
[90]
File: use_cases/use_cases_v0.5.pdf Graphic file (type pdf)
<use use_cases/use_cases_v0.5.pdf, page 28>
Package pdftex.def Info: use_cases/use_cases_v0.5.pdf , page28 used on input li
ne 138.
(pdftex.def)             Requested size: 562.1644pt x 795.0303pt.
File: use_cases/use_cases_v0.5.pdf Graphic file (type pdf)
<use use_cases/use_cases_v0.5.pdf, page 28>
Package pdftex.def Info: use_cases/use_cases_v0.5.pdf , page28 used on input li
ne 138.
(pdftex.def)             Requested size: 562.1644pt x 795.0303pt.
File: use_cases/use_cases_v0.5.pdf Graphic file (type pdf)
<use use_cases/use_cases_v0.5.pdf, page 28>
Package pdftex.def Info: use_cases/use_cases_v0.5.pdf , page28 used on input li
ne 138.
(pdftex.def)             Requested size: 562.1644pt x 795.0303pt.
 [91

 <./use_cases/use_cases_v0.5.pdf>]

pdfTeX warning: miktex-pdftex.exe (file ./use_cases/use_cases_v0.5.pdf): PDF in
clusion: found PDF version <1.7>, but at most version <1.5> allowed
<use_cases/use_cases_v0.5.pdf, id=1211, page=29, 597.55246pt x 845.07718pt>
File: use_cases/use_cases_v0.5.pdf Graphic file (type pdf)
<use use_cases/use_cases_v0.5.pdf, page 29>
Package pdftex.def Info: use_cases/use_cases_v0.5.pdf , page29 used on input li
ne 138.
(pdftex.def)             Requested size: 562.1644pt x 795.0303pt.
File: use_cases/use_cases_v0.5.pdf Graphic file (type pdf)
<use use_cases/use_cases_v0.5.pdf, page 29>
Package pdftex.def Info: use_cases/use_cases_v0.5.pdf , page29 used on input li
ne 138.
(pdftex.def)             Requested size: 562.1644pt x 795.0303pt.
File: use_cases/use_cases_v0.5.pdf Graphic file (type pdf)
<use use_cases/use_cases_v0.5.pdf, page 29>
Package pdftex.def Info: use_cases/use_cases_v0.5.pdf , page29 used on input li
ne 138.
(pdftex.def)             Requested size: 562.1644pt x 795.0303pt.
[92

 <./use_cases/use_cases_v0.5.pdf>]
<activity_diagrams/UC13_activity.pdf, id=1217, 852.18375pt x 842.14626pt>
File: activity_diagrams/UC13_activity.pdf Graphic file (type pdf)
<use activity_diagrams/UC13_activity.pdf>
Package pdftex.def Info: activity_diagrams/UC13_activity.pdf  used on input lin
e 138.
(pdftex.def)             Requested size: 234.00238pt x 231.23756pt.
<sequence_diagrams/UC13_sequence.pdf, id=1218, 634.37pt x 323.2075pt>
File: sequence_diagrams/UC13_sequence.pdf Graphic file (type pdf)
<use sequence_diagrams/UC13_sequence.pdf>
Package pdftex.def Info: sequence_diagrams/UC13_sequence.pdf  used on input lin
e 138.
(pdftex.def)             Requested size: 390.0pt x 198.70978pt.

Overfull \hbox (17.62482pt too wide) in paragraph at lines 138--139
[][]
 []


Underfull \hbox (badness 10000) in paragraph at lines 138--139

 []

[93 <./activity_diagrams/UC13_activity.pdf> <./sequence_diagrams/UC13_sequence.
pdf>]
Underfull \hbox (badness 10000) in paragraph at lines 139--139

 []


Underfull \hbox (badness 10000) in paragraph at lines 139--139

 []

File: use_cases/use_cases_v0.5.pdf Graphic file (type pdf)
<use use_cases/use_cases_v0.5.pdf>
Package pdftex.def Info: use_cases/use_cases_v0.5.pdf  used on input line 139.
(pdftex.def)             Requested size: 597.551pt x 845.07512pt.


pdfTeX warning: miktex-pdftex.exe (file ./use_cases/use_cases_v0.5.pdf): PDF in
clusion: found PDF version <1.7>, but at most version <1.5> allowed


pdfTeX warning: miktex-pdftex.exe (file ./use_cases/use_cases_v0.5.pdf): PDF in
clusion: found PDF version <1.7>, but at most version <1.5> allowed
<use_cases/use_cases_v0.5.pdf, id=1255, page=30, 597.55246pt x 845.07718pt>
File: use_cases/use_cases_v0.5.pdf Graphic file (type pdf)
<use use_cases/use_cases_v0.5.pdf, page 30>
Package pdftex.def Info: use_cases/use_cases_v0.5.pdf , page30 used on input li
ne 139.
(pdftex.def)             Requested size: 597.551pt x 845.07512pt.
File: use_cases/use_cases_v0.5.pdf Graphic file (type pdf)
<use use_cases/use_cases_v0.5.pdf, page 30>
Package pdftex.def Info: use_cases/use_cases_v0.5.pdf , page30 used on input li
ne 139.
(pdftex.def)             Requested size: 562.1644pt x 795.0303pt.
[94]
File: use_cases/use_cases_v0.5.pdf Graphic file (type pdf)
<use use_cases/use_cases_v0.5.pdf, page 30>
Package pdftex.def Info: use_cases/use_cases_v0.5.pdf , page30 used on input li
ne 139.
(pdftex.def)             Requested size: 562.1644pt x 795.0303pt.
File: use_cases/use_cases_v0.5.pdf Graphic file (type pdf)
<use use_cases/use_cases_v0.5.pdf, page 30>
Package pdftex.def Info: use_cases/use_cases_v0.5.pdf , page30 used on input li
ne 139.
(pdftex.def)             Requested size: 562.1644pt x 795.0303pt.
File: use_cases/use_cases_v0.5.pdf Graphic file (type pdf)
<use use_cases/use_cases_v0.5.pdf, page 30>
Package pdftex.def Info: use_cases/use_cases_v0.5.pdf , page30 used on input li
ne 139.
(pdftex.def)             Requested size: 562.1644pt x 795.0303pt.
 [95

 <./use_cases/use_cases_v0.5.pdf>]

pdfTeX warning: miktex-pdftex.exe (file ./use_cases/use_cases_v0.5.pdf): PDF in
clusion: found PDF version <1.7>, but at most version <1.5> allowed
<use_cases/use_cases_v0.5.pdf, id=1266, page=31, 597.55246pt x 845.07718pt>
File: use_cases/use_cases_v0.5.pdf Graphic file (type pdf)
<use use_cases/use_cases_v0.5.pdf, page 31>
Package pdftex.def Info: use_cases/use_cases_v0.5.pdf , page31 used on input li
ne 139.
(pdftex.def)             Requested size: 562.1644pt x 795.0303pt.
File: use_cases/use_cases_v0.5.pdf Graphic file (type pdf)
<use use_cases/use_cases_v0.5.pdf, page 31>
Package pdftex.def Info: use_cases/use_cases_v0.5.pdf , page31 used on input li
ne 139.
(pdftex.def)             Requested size: 562.1644pt x 795.0303pt.
File: use_cases/use_cases_v0.5.pdf Graphic file (type pdf)
<use use_cases/use_cases_v0.5.pdf, page 31>
Package pdftex.def Info: use_cases/use_cases_v0.5.pdf , page31 used on input li
ne 139.
(pdftex.def)             Requested size: 562.1644pt x 795.0303pt.
[96

 <./use_cases/use_cases_v0.5.pdf>]
<activity_diagrams/UC14_activity.pdf, id=1273, 611.28375pt x 842.14626pt>
File: activity_diagrams/UC14_activity.pdf Graphic file (type pdf)
<use activity_diagrams/UC14_activity.pdf>
Package pdftex.def Info: activity_diagrams/UC14_activity.pdf  used on input lin
e 139.
(pdftex.def)             Requested size: 234.00238pt x 322.37047pt.
<sequence_diagrams/UC14_sequence.pdf, id=1274, 634.37pt x 323.2075pt>
File: sequence_diagrams/UC14_sequence.pdf Graphic file (type pdf)
<use sequence_diagrams/UC14_sequence.pdf>
Package pdftex.def Info: sequence_diagrams/UC14_sequence.pdf  used on input lin
e 139.
(pdftex.def)             Requested size: 390.0pt x 198.70978pt.

Overfull \hbox (17.62482pt too wide) in paragraph at lines 139--140
[][]
 []


Underfull \hbox (badness 10000) in paragraph at lines 139--140

 []

[97 <./activity_diagrams/UC14_activity.pdf> <./sequence_diagrams/UC14_sequence.
pdf>]
Underfull \hbox (badness 10000) in paragraph at lines 140--140

 []


Underfull \hbox (badness 10000) in paragraph at lines 140--140

 []

File: use_cases/use_cases_v0.5.pdf Graphic file (type pdf)
<use use_cases/use_cases_v0.5.pdf>
Package pdftex.def Info: use_cases/use_cases_v0.5.pdf  used on input line 140.
(pdftex.def)             Requested size: 597.551pt x 845.07512pt.


pdfTeX warning: miktex-pdftex.exe (file ./use_cases/use_cases_v0.5.pdf): PDF in
clusion: found PDF version <1.7>, but at most version <1.5> allowed


pdfTeX warning: miktex-pdftex.exe (file ./use_cases/use_cases_v0.5.pdf): PDF in
clusion: found PDF version <1.7>, but at most version <1.5> allowed
<use_cases/use_cases_v0.5.pdf, id=1307, page=32, 597.55246pt x 845.07718pt>
File: use_cases/use_cases_v0.5.pdf Graphic file (type pdf)
<use use_cases/use_cases_v0.5.pdf, page 32>
Package pdftex.def Info: use_cases/use_cases_v0.5.pdf , page32 used on input li
ne 140.
(pdftex.def)             Requested size: 597.551pt x 845.07512pt.
File: use_cases/use_cases_v0.5.pdf Graphic file (type pdf)
<use use_cases/use_cases_v0.5.pdf, page 32>
Package pdftex.def Info: use_cases/use_cases_v0.5.pdf , page32 used on input li
ne 140.
(pdftex.def)             Requested size: 562.1644pt x 795.0303pt.
[98]
File: use_cases/use_cases_v0.5.pdf Graphic file (type pdf)
<use use_cases/use_cases_v0.5.pdf, page 32>
Package pdftex.def Info: use_cases/use_cases_v0.5.pdf , page32 used on input li
ne 140.
(pdftex.def)             Requested size: 562.1644pt x 795.0303pt.
File: use_cases/use_cases_v0.5.pdf Graphic file (type pdf)
<use use_cases/use_cases_v0.5.pdf, page 32>
Package pdftex.def Info: use_cases/use_cases_v0.5.pdf , page32 used on input li
ne 140.
(pdftex.def)             Requested size: 562.1644pt x 795.0303pt.
File: use_cases/use_cases_v0.5.pdf Graphic file (type pdf)
<use use_cases/use_cases_v0.5.pdf, page 32>
Package pdftex.def Info: use_cases/use_cases_v0.5.pdf , page32 used on input li
ne 140.
(pdftex.def)             Requested size: 562.1644pt x 795.0303pt.
 [99

 <./use_cases/use_cases_v0.5.pdf>]
<activity_diagrams/UC15_activity.pdf, id=1318, 611.28375pt x 541.02126pt>
File: activity_diagrams/UC15_activity.pdf Graphic file (type pdf)
<use activity_diagrams/UC15_activity.pdf>
Package pdftex.def Info: activity_diagrams/UC15_activity.pdf  used on input lin
e 140.
(pdftex.def)             Requested size: 234.00238pt x 207.10092pt.
<sequence_diagrams/UC15_sequence.pdf, id=1319, 634.37pt x 323.2075pt>
File: sequence_diagrams/UC15_sequence.pdf Graphic file (type pdf)
<use sequence_diagrams/UC15_sequence.pdf>
Package pdftex.def Info: sequence_diagrams/UC15_sequence.pdf  used on input lin
e 140.
(pdftex.def)             Requested size: 390.0pt x 198.70978pt.

Overfull \hbox (17.62482pt too wide) in paragraph at lines 140--141
[][]
 []


Underfull \hbox (badness 10000) in paragraph at lines 140--141

 []



pdfTeX warning: miktex-pdftex.exe (file ./components/network_management_compone
nt.pdf): PDF inclusion: found PDF version <1.7>, but at most version <1.5> allo
wed
<components/network_management_component.pdf, id=1320, 793.16327pt x 887.51576p
t>
File: components/network_management_component.pdf Graphic file (type pdf)
<use components/network_management_component.pdf>
Package pdftex.def Info: components/network_management_component.pdf  used on i
nput line 144.
(pdftex.def)             Requested size: 296.39786pt x 331.65294pt.
[100 <./activity_diagrams/UC15_activity.pdf> <./sequence_diagrams/UC15_sequence
.pdf>] [101 <./components/network_management_component.pdf>]
Underfull \hbox (badness 10000) in paragraph at lines 145--145

 []


Underfull \hbox (badness 10000) in paragraph at lines 145--145

 []

File: use_cases/use_cases_v0.5.pdf Graphic file (type pdf)
<use use_cases/use_cases_v0.5.pdf>
Package pdftex.def Info: use_cases/use_cases_v0.5.pdf  used on input line 145.
(pdftex.def)             Requested size: 597.551pt x 845.07512pt.


pdfTeX warning: miktex-pdftex.exe (file ./use_cases/use_cases_v0.5.pdf): PDF in
clusion: found PDF version <1.7>, but at most version <1.5> allowed


pdfTeX warning: miktex-pdftex.exe (file ./use_cases/use_cases_v0.5.pdf): PDF in
clusion: found PDF version <1.7>, but at most version <1.5> allowed
<use_cases/use_cases_v0.5.pdf, id=1399, page=33, 597.55246pt x 845.07718pt>
File: use_cases/use_cases_v0.5.pdf Graphic file (type pdf)
<use use_cases/use_cases_v0.5.pdf, page 33>
Package pdftex.def Info: use_cases/use_cases_v0.5.pdf , page33 used on input li
ne 145.
(pdftex.def)             Requested size: 597.551pt x 845.07512pt.
File: use_cases/use_cases_v0.5.pdf Graphic file (type pdf)
<use use_cases/use_cases_v0.5.pdf, page 33>
Package pdftex.def Info: use_cases/use_cases_v0.5.pdf , page33 used on input li
ne 145.
(pdftex.def)             Requested size: 562.1644pt x 795.0303pt.
[102]
File: use_cases/use_cases_v0.5.pdf Graphic file (type pdf)
<use use_cases/use_cases_v0.5.pdf, page 33>
Package pdftex.def Info: use_cases/use_cases_v0.5.pdf , page33 used on input li
ne 145.
(pdftex.def)             Requested size: 562.1644pt x 795.0303pt.
File: use_cases/use_cases_v0.5.pdf Graphic file (type pdf)
<use use_cases/use_cases_v0.5.pdf, page 33>
Package pdftex.def Info: use_cases/use_cases_v0.5.pdf , page33 used on input li
ne 145.
(pdftex.def)             Requested size: 562.1644pt x 795.0303pt.
File: use_cases/use_cases_v0.5.pdf Graphic file (type pdf)
<use use_cases/use_cases_v0.5.pdf, page 33>
Package pdftex.def Info: use_cases/use_cases_v0.5.pdf , page33 used on input li
ne 145.
(pdftex.def)             Requested size: 562.1644pt x 795.0303pt.
 [103

 <./use_cases/use_cases_v0.5.pdf>]
<activity_diagrams/UC16_activity.pdf, id=1411, 578.16pt x 629.35126pt>
File: activity_diagrams/UC16_activity.pdf Graphic file (type pdf)
<use activity_diagrams/UC16_activity.pdf>
Package pdftex.def Info: activity_diagrams/UC16_activity.pdf  used on input lin
e 145.
(pdftex.def)             Requested size: 234.00238pt x 254.713pt.
<sequence_diagrams/UC16_sequence.pdf, id=1412, 634.37pt x 292.09125pt>
File: sequence_diagrams/UC16_sequence.pdf Graphic file (type pdf)
<use sequence_diagrams/UC16_sequence.pdf>
Package pdftex.def Info: sequence_diagrams/UC16_sequence.pdf  used on input lin
e 145.
(pdftex.def)             Requested size: 390.0pt x 179.57933pt.

Overfull \hbox (17.62482pt too wide) in paragraph at lines 145--146
[][]
 []


Underfull \hbox (badness 10000) in paragraph at lines 145--146

 []

[104 <./activity_diagrams/UC16_activity.pdf> <./sequence_diagrams/UC16_sequence
.pdf>]
Underfull \hbox (badness 10000) in paragraph at lines 146--146

 []


Underfull \hbox (badness 10000) in paragraph at lines 146--146

 []

File: use_cases/use_cases_v0.5.pdf Graphic file (type pdf)
<use use_cases/use_cases_v0.5.pdf>
Package pdftex.def Info: use_cases/use_cases_v0.5.pdf  used on input line 146.
(pdftex.def)             Requested size: 597.551pt x 845.07512pt.


pdfTeX warning: miktex-pdftex.exe (file ./use_cases/use_cases_v0.5.pdf): PDF in
clusion: found PDF version <1.7>, but at most version <1.5> allowed


pdfTeX warning: miktex-pdftex.exe (file ./use_cases/use_cases_v0.5.pdf): PDF in
clusion: found PDF version <1.7>, but at most version <1.5> allowed
<use_cases/use_cases_v0.5.pdf, id=1441, page=34, 597.55246pt x 845.07718pt>
File: use_cases/use_cases_v0.5.pdf Graphic file (type pdf)
<use use_cases/use_cases_v0.5.pdf, page 34>
Package pdftex.def Info: use_cases/use_cases_v0.5.pdf , page34 used on input li
ne 146.
(pdftex.def)             Requested size: 597.551pt x 845.07512pt.
File: use_cases/use_cases_v0.5.pdf Graphic file (type pdf)
<use use_cases/use_cases_v0.5.pdf, page 34>
Package pdftex.def Info: use_cases/use_cases_v0.5.pdf , page34 used on input li
ne 146.
(pdftex.def)             Requested size: 562.1644pt x 795.0303pt.
[105]
File: use_cases/use_cases_v0.5.pdf Graphic file (type pdf)
<use use_cases/use_cases_v0.5.pdf, page 34>
Package pdftex.def Info: use_cases/use_cases_v0.5.pdf , page34 used on input li
ne 146.
(pdftex.def)             Requested size: 562.1644pt x 795.0303pt.
File: use_cases/use_cases_v0.5.pdf Graphic file (type pdf)
<use use_cases/use_cases_v0.5.pdf, page 34>
Package pdftex.def Info: use_cases/use_cases_v0.5.pdf , page34 used on input li
ne 146.
(pdftex.def)             Requested size: 562.1644pt x 795.0303pt.
File: use_cases/use_cases_v0.5.pdf Graphic file (type pdf)
<use use_cases/use_cases_v0.5.pdf, page 34>
Package pdftex.def Info: use_cases/use_cases_v0.5.pdf , page34 used on input li
ne 146.
(pdftex.def)             Requested size: 562.1644pt x 795.0303pt.
 [106

 <./use_cases/use_cases_v0.5.pdf>]
<activity_diagrams/UC17_activity.pdf, id=1452, 584.1825pt x 636.3775pt>
File: activity_diagrams/UC17_activity.pdf Graphic file (type pdf)
<use activity_diagrams/UC17_activity.pdf>
Package pdftex.def Info: activity_diagrams/UC17_activity.pdf  used on input lin
e 146.
(pdftex.def)             Requested size: 234.00238pt x 254.90576pt.
<sequence_diagrams/UC17_sequence.pdf, id=1453, 634.37pt x 368.37625pt>
File: sequence_diagrams/UC17_sequence.pdf Graphic file (type pdf)
<use sequence_diagrams/UC17_sequence.pdf>
Package pdftex.def Info: sequence_diagrams/UC17_sequence.pdf  used on input lin
e 146.
(pdftex.def)             Requested size: 390.0pt x 226.47978pt.

Overfull \hbox (17.62482pt too wide) in paragraph at lines 146--147
[][]
 []


Underfull \hbox (badness 10000) in paragraph at lines 146--147

 []

[107 <./activity_diagrams/UC17_activity.pdf> <./sequence_diagrams/UC17_sequence
.pdf>]
Underfull \hbox (badness 10000) in paragraph at lines 147--147

 []


Underfull \hbox (badness 10000) in paragraph at lines 147--147

 []

File: use_cases/use_cases_v0.5.pdf Graphic file (type pdf)
<use use_cases/use_cases_v0.5.pdf>
Package pdftex.def Info: use_cases/use_cases_v0.5.pdf  used on input line 147.
(pdftex.def)             Requested size: 597.551pt x 845.07512pt.


pdfTeX warning: miktex-pdftex.exe (file ./use_cases/use_cases_v0.5.pdf): PDF in
clusion: found PDF version <1.7>, but at most version <1.5> allowed


pdfTeX warning: miktex-pdftex.exe (file ./use_cases/use_cases_v0.5.pdf): PDF in
clusion: found PDF version <1.7>, but at most version <1.5> allowed
<use_cases/use_cases_v0.5.pdf, id=1482, page=35, 597.55246pt x 845.07718pt>
File: use_cases/use_cases_v0.5.pdf Graphic file (type pdf)
<use use_cases/use_cases_v0.5.pdf, page 35>
Package pdftex.def Info: use_cases/use_cases_v0.5.pdf , page35 used on input li
ne 147.
(pdftex.def)             Requested size: 597.551pt x 845.07512pt.
File: use_cases/use_cases_v0.5.pdf Graphic file (type pdf)
<use use_cases/use_cases_v0.5.pdf, page 35>
Package pdftex.def Info: use_cases/use_cases_v0.5.pdf , page35 used on input li
ne 147.
(pdftex.def)             Requested size: 562.1644pt x 795.0303pt.
[108]
File: use_cases/use_cases_v0.5.pdf Graphic file (type pdf)
<use use_cases/use_cases_v0.5.pdf, page 35>
Package pdftex.def Info: use_cases/use_cases_v0.5.pdf , page35 used on input li
ne 147.
(pdftex.def)             Requested size: 562.1644pt x 795.0303pt.
File: use_cases/use_cases_v0.5.pdf Graphic file (type pdf)
<use use_cases/use_cases_v0.5.pdf, page 35>
Package pdftex.def Info: use_cases/use_cases_v0.5.pdf , page35 used on input li
ne 147.
(pdftex.def)             Requested size: 562.1644pt x 795.0303pt.
File: use_cases/use_cases_v0.5.pdf Graphic file (type pdf)
<use use_cases/use_cases_v0.5.pdf, page 35>
Package pdftex.def Info: use_cases/use_cases_v0.5.pdf , page35 used on input li
ne 147.
(pdftex.def)             Requested size: 562.1644pt x 795.0303pt.
 [109

 <./use_cases/use_cases_v0.5.pdf>]
<activity_diagrams/UC18_activity.pdf, id=1498, 583.17876pt x 636.3775pt>
File: activity_diagrams/UC18_activity.pdf Graphic file (type pdf)
<use activity_diagrams/UC18_activity.pdf>
Package pdftex.def Info: activity_diagrams/UC18_activity.pdf  used on input lin
e 147.
(pdftex.def)             Requested size: 234.00238pt x 255.34273pt.
<sequence_diagrams/UC18_sequence.pdf, id=1499, 634.37pt x 369.38pt>
File: sequence_diagrams/UC18_sequence.pdf Graphic file (type pdf)
<use sequence_diagrams/UC18_sequence.pdf>
Package pdftex.def Info: sequence_diagrams/UC18_sequence.pdf  used on input lin
e 147.
(pdftex.def)             Requested size: 390.0pt x 227.0969pt.

Overfull \hbox (17.62482pt too wide) in paragraph at lines 147--148
[][]
 []


Underfull \hbox (badness 10000) in paragraph at lines 147--148

 []

[110 <./activity_diagrams/UC18_activity.pdf> <./sequence_diagrams/UC18_sequence
.pdf>]
Underfull \hbox (badness 10000) in paragraph at lines 148--148

 []


Underfull \hbox (badness 10000) in paragraph at lines 148--148

 []

File: use_cases/use_cases_v0.5.pdf Graphic file (type pdf)
<use use_cases/use_cases_v0.5.pdf>
Package pdftex.def Info: use_cases/use_cases_v0.5.pdf  used on input line 148.
(pdftex.def)             Requested size: 597.551pt x 845.07512pt.


pdfTeX warning: miktex-pdftex.exe (file ./use_cases/use_cases_v0.5.pdf): PDF in
clusion: found PDF version <1.7>, but at most version <1.5> allowed


pdfTeX warning: miktex-pdftex.exe (file ./use_cases/use_cases_v0.5.pdf): PDF in
clusion: found PDF version <1.7>, but at most version <1.5> allowed
<use_cases/use_cases_v0.5.pdf, id=1528, page=36, 597.55246pt x 845.07718pt>
File: use_cases/use_cases_v0.5.pdf Graphic file (type pdf)
<use use_cases/use_cases_v0.5.pdf, page 36>
Package pdftex.def Info: use_cases/use_cases_v0.5.pdf , page36 used on input li
ne 148.
(pdftex.def)             Requested size: 597.551pt x 845.07512pt.
File: use_cases/use_cases_v0.5.pdf Graphic file (type pdf)
<use use_cases/use_cases_v0.5.pdf, page 36>
Package pdftex.def Info: use_cases/use_cases_v0.5.pdf , page36 used on input li
ne 148.
(pdftex.def)             Requested size: 562.1644pt x 795.0303pt.
[111]
File: use_cases/use_cases_v0.5.pdf Graphic file (type pdf)
<use use_cases/use_cases_v0.5.pdf, page 36>
Package pdftex.def Info: use_cases/use_cases_v0.5.pdf , page36 used on input li
ne 148.
(pdftex.def)             Requested size: 562.1644pt x 795.0303pt.
File: use_cases/use_cases_v0.5.pdf Graphic file (type pdf)
<use use_cases/use_cases_v0.5.pdf, page 36>
Package pdftex.def Info: use_cases/use_cases_v0.5.pdf , page36 used on input li
ne 148.
(pdftex.def)             Requested size: 562.1644pt x 795.0303pt.
File: use_cases/use_cases_v0.5.pdf Graphic file (type pdf)
<use use_cases/use_cases_v0.5.pdf, page 36>
Package pdftex.def Info: use_cases/use_cases_v0.5.pdf , page36 used on input li
ne 148.
(pdftex.def)             Requested size: 562.1644pt x 795.0303pt.
 [112

 <./use_cases/use_cases_v0.5.pdf>]
<activity_diagrams/UC19_activity.pdf, id=1539, 584.1825pt x 636.3775pt>
File: activity_diagrams/UC19_activity.pdf Graphic file (type pdf)
<use activity_diagrams/UC19_activity.pdf>
Package pdftex.def Info: activity_diagrams/UC19_activity.pdf  used on input lin
e 148.
(pdftex.def)             Requested size: 234.00238pt x 254.90576pt.
<sequence_diagrams/UC19_sequence.pdf, id=1540, 634.37pt x 369.38pt>
File: sequence_diagrams/UC19_sequence.pdf Graphic file (type pdf)
<use sequence_diagrams/UC19_sequence.pdf>
Package pdftex.def Info: sequence_diagrams/UC19_sequence.pdf  used on input lin
e 148.
(pdftex.def)             Requested size: 390.0pt x 227.0969pt.

Overfull \hbox (17.62482pt too wide) in paragraph at lines 148--149
[][]
 []


Underfull \hbox (badness 10000) in paragraph at lines 148--149

 []

[113 <./activity_diagrams/UC19_activity.pdf> <./sequence_diagrams/UC19_sequence
.pdf>]
Underfull \hbox (badness 10000) in paragraph at lines 149--149

 []


Underfull \hbox (badness 10000) in paragraph at lines 149--149

 []

File: use_cases/use_cases_v0.5.pdf Graphic file (type pdf)
<use use_cases/use_cases_v0.5.pdf>
Package pdftex.def Info: use_cases/use_cases_v0.5.pdf  used on input line 149.
(pdftex.def)             Requested size: 597.551pt x 845.07512pt.


pdfTeX warning: miktex-pdftex.exe (file ./use_cases/use_cases_v0.5.pdf): PDF in
clusion: found PDF version <1.7>, but at most version <1.5> allowed


pdfTeX warning: miktex-pdftex.exe (file ./use_cases/use_cases_v0.5.pdf): PDF in
clusion: found PDF version <1.7>, but at most version <1.5> allowed
<use_cases/use_cases_v0.5.pdf, id=1569, page=37, 597.55246pt x 845.07718pt>
File: use_cases/use_cases_v0.5.pdf Graphic file (type pdf)
<use use_cases/use_cases_v0.5.pdf, page 37>
Package pdftex.def Info: use_cases/use_cases_v0.5.pdf , page37 used on input li
ne 149.
(pdftex.def)             Requested size: 597.551pt x 845.07512pt.
File: use_cases/use_cases_v0.5.pdf Graphic file (type pdf)
<use use_cases/use_cases_v0.5.pdf, page 37>
Package pdftex.def Info: use_cases/use_cases_v0.5.pdf , page37 used on input li
ne 149.
(pdftex.def)             Requested size: 562.1644pt x 795.0303pt.
[114]
File: use_cases/use_cases_v0.5.pdf Graphic file (type pdf)
<use use_cases/use_cases_v0.5.pdf, page 37>
Package pdftex.def Info: use_cases/use_cases_v0.5.pdf , page37 used on input li
ne 149.
(pdftex.def)             Requested size: 562.1644pt x 795.0303pt.
File: use_cases/use_cases_v0.5.pdf Graphic file (type pdf)
<use use_cases/use_cases_v0.5.pdf, page 37>
Package pdftex.def Info: use_cases/use_cases_v0.5.pdf , page37 used on input li
ne 149.
(pdftex.def)             Requested size: 562.1644pt x 795.0303pt.
File: use_cases/use_cases_v0.5.pdf Graphic file (type pdf)
<use use_cases/use_cases_v0.5.pdf, page 37>
Package pdftex.def Info: use_cases/use_cases_v0.5.pdf , page37 used on input li
ne 149.
(pdftex.def)             Requested size: 562.1644pt x 795.0303pt.
 [115

 <./use_cases/use_cases_v0.5.pdf>]
<activity_diagrams/UC20_activity.pdf, id=1581, 584.1825pt x 499.8675pt>
File: activity_diagrams/UC20_activity.pdf Graphic file (type pdf)
<use activity_diagrams/UC20_activity.pdf>
Package pdftex.def Info: activity_diagrams/UC20_activity.pdf  used on input lin
e 149.
(pdftex.def)             Requested size: 234.00238pt x 200.22566pt.
<sequence_diagrams/UC20_sequence.pdf, id=1582, 634.37pt x 246.9225pt>
File: sequence_diagrams/UC20_sequence.pdf Graphic file (type pdf)
<use sequence_diagrams/UC20_sequence.pdf>
Package pdftex.def Info: sequence_diagrams/UC20_sequence.pdf  used on input lin
e 149.
(pdftex.def)             Requested size: 390.0pt x 151.80933pt.

Overfull \hbox (17.62482pt too wide) in paragraph at lines 149--150
[][]
 []


Underfull \hbox (badness 10000) in paragraph at lines 149--150

 []

[116 <./activity_diagrams/UC20_activity.pdf> <./sequence_diagrams/UC20_sequence
.pdf>]
Underfull \hbox (badness 10000) in paragraph at lines 150--150

 []


Underfull \hbox (badness 10000) in paragraph at lines 150--150

 []

File: use_cases/use_cases_v0.5.pdf Graphic file (type pdf)
<use use_cases/use_cases_v0.5.pdf>
Package pdftex.def Info: use_cases/use_cases_v0.5.pdf  used on input line 150.
(pdftex.def)             Requested size: 597.551pt x 845.07512pt.


pdfTeX warning: miktex-pdftex.exe (file ./use_cases/use_cases_v0.5.pdf): PDF in
clusion: found PDF version <1.7>, but at most version <1.5> allowed


pdfTeX warning: miktex-pdftex.exe (file ./use_cases/use_cases_v0.5.pdf): PDF in
clusion: found PDF version <1.7>, but at most version <1.5> allowed
<use_cases/use_cases_v0.5.pdf, id=1609, page=38, 597.55246pt x 845.07718pt>
File: use_cases/use_cases_v0.5.pdf Graphic file (type pdf)
<use use_cases/use_cases_v0.5.pdf, page 38>
Package pdftex.def Info: use_cases/use_cases_v0.5.pdf , page38 used on input li
ne 150.
(pdftex.def)             Requested size: 597.551pt x 845.07512pt.
File: use_cases/use_cases_v0.5.pdf Graphic file (type pdf)
<use use_cases/use_cases_v0.5.pdf, page 38>
Package pdftex.def Info: use_cases/use_cases_v0.5.pdf , page38 used on input li
ne 150.
(pdftex.def)             Requested size: 562.1644pt x 795.0303pt.
[117]
File: use_cases/use_cases_v0.5.pdf Graphic file (type pdf)
<use use_cases/use_cases_v0.5.pdf, page 38>
Package pdftex.def Info: use_cases/use_cases_v0.5.pdf , page38 used on input li
ne 150.
(pdftex.def)             Requested size: 562.1644pt x 795.0303pt.
File: use_cases/use_cases_v0.5.pdf Graphic file (type pdf)
<use use_cases/use_cases_v0.5.pdf, page 38>
Package pdftex.def Info: use_cases/use_cases_v0.5.pdf , page38 used on input li
ne 150.
(pdftex.def)             Requested size: 562.1644pt x 795.0303pt.
File: use_cases/use_cases_v0.5.pdf Graphic file (type pdf)
<use use_cases/use_cases_v0.5.pdf, page 38>
Package pdftex.def Info: use_cases/use_cases_v0.5.pdf , page38 used on input li
ne 150.
(pdftex.def)             Requested size: 562.1644pt x 795.0303pt.
 [118

 <./use_cases/use_cases_v0.5.pdf>]
<activity_diagrams/UC21_activity.pdf, id=1620, 584.1825pt x 499.8675pt>
File: activity_diagrams/UC21_activity.pdf Graphic file (type pdf)
<use activity_diagrams/UC21_activity.pdf>
Package pdftex.def Info: activity_diagrams/UC21_activity.pdf  used on input lin
e 150.
(pdftex.def)             Requested size: 234.00238pt x 200.22566pt.
<sequence_diagrams/UC21_sequence.pdf, id=1621, 634.37pt x 247.92625pt>
File: sequence_diagrams/UC21_sequence.pdf Graphic file (type pdf)
<use sequence_diagrams/UC21_sequence.pdf>
Package pdftex.def Info: sequence_diagrams/UC21_sequence.pdf  used on input lin
e 150.
(pdftex.def)             Requested size: 390.0pt x 152.42645pt.

Overfull \hbox (17.62482pt too wide) in paragraph at lines 150--151
[][]
 []


Underfull \hbox (badness 10000) in paragraph at lines 150--151

 []

[119 <./activity_diagrams/UC21_activity.pdf> <./sequence_diagrams/UC21_sequence
.pdf>]
Underfull \hbox (badness 10000) in paragraph at lines 151--151

 []


Underfull \hbox (badness 10000) in paragraph at lines 151--151

 []

File: use_cases/use_cases_v0.5.pdf Graphic file (type pdf)
<use use_cases/use_cases_v0.5.pdf>
Package pdftex.def Info: use_cases/use_cases_v0.5.pdf  used on input line 151.
(pdftex.def)             Requested size: 597.551pt x 845.07512pt.


pdfTeX warning: miktex-pdftex.exe (file ./use_cases/use_cases_v0.5.pdf): PDF in
clusion: found PDF version <1.7>, but at most version <1.5> allowed


pdfTeX warning: miktex-pdftex.exe (file ./use_cases/use_cases_v0.5.pdf): PDF in
clusion: found PDF version <1.7>, but at most version <1.5> allowed
<use_cases/use_cases_v0.5.pdf, id=1648, page=39, 597.55246pt x 845.07718pt>
File: use_cases/use_cases_v0.5.pdf Graphic file (type pdf)
<use use_cases/use_cases_v0.5.pdf, page 39>
Package pdftex.def Info: use_cases/use_cases_v0.5.pdf , page39 used on input li
ne 151.
(pdftex.def)             Requested size: 597.551pt x 845.07512pt.
File: use_cases/use_cases_v0.5.pdf Graphic file (type pdf)
<use use_cases/use_cases_v0.5.pdf, page 39>
Package pdftex.def Info: use_cases/use_cases_v0.5.pdf , page39 used on input li
ne 151.
(pdftex.def)             Requested size: 562.1644pt x 795.0303pt.
[120]
File: use_cases/use_cases_v0.5.pdf Graphic file (type pdf)
<use use_cases/use_cases_v0.5.pdf, page 39>
Package pdftex.def Info: use_cases/use_cases_v0.5.pdf , page39 used on input li
ne 151.
(pdftex.def)             Requested size: 562.1644pt x 795.0303pt.
File: use_cases/use_cases_v0.5.pdf Graphic file (type pdf)
<use use_cases/use_cases_v0.5.pdf, page 39>
Package pdftex.def Info: use_cases/use_cases_v0.5.pdf , page39 used on input li
ne 151.
(pdftex.def)             Requested size: 562.1644pt x 795.0303pt.
File: use_cases/use_cases_v0.5.pdf Graphic file (type pdf)
<use use_cases/use_cases_v0.5.pdf, page 39>
Package pdftex.def Info: use_cases/use_cases_v0.5.pdf , page39 used on input li
ne 151.
(pdftex.def)             Requested size: 562.1644pt x 795.0303pt.
 [121

 <./use_cases/use_cases_v0.5.pdf>]
<activity_diagrams/UC22_activity.pdf, id=1660, 584.1825pt x 499.8675pt>
File: activity_diagrams/UC22_activity.pdf Graphic file (type pdf)
<use activity_diagrams/UC22_activity.pdf>
Package pdftex.def Info: activity_diagrams/UC22_activity.pdf  used on input lin
e 151.
(pdftex.def)             Requested size: 234.00238pt x 200.22566pt.
<sequence_diagrams/UC22_sequence.pdf, id=1661, 634.37pt x 247.92625pt>
File: sequence_diagrams/UC22_sequence.pdf Graphic file (type pdf)
<use sequence_diagrams/UC22_sequence.pdf>
Package pdftex.def Info: sequence_diagrams/UC22_sequence.pdf  used on input lin
e 151.
(pdftex.def)             Requested size: 390.0pt x 152.42645pt.

Overfull \hbox (17.62482pt too wide) in paragraph at lines 151--152
[][]
 []


Underfull \hbox (badness 10000) in paragraph at lines 151--152

 []

[122 <./activity_diagrams/UC22_activity.pdf> <./sequence_diagrams/UC22_sequence
.pdf>]
Underfull \hbox (badness 10000) in paragraph at lines 152--152

 []


Underfull \hbox (badness 10000) in paragraph at lines 152--152

 []

File: use_cases/use_cases_v0.5.pdf Graphic file (type pdf)
<use use_cases/use_cases_v0.5.pdf>
Package pdftex.def Info: use_cases/use_cases_v0.5.pdf  used on input line 152.
(pdftex.def)             Requested size: 597.551pt x 845.07512pt.


pdfTeX warning: miktex-pdftex.exe (file ./use_cases/use_cases_v0.5.pdf): PDF in
clusion: found PDF version <1.7>, but at most version <1.5> allowed


pdfTeX warning: miktex-pdftex.exe (file ./use_cases/use_cases_v0.5.pdf): PDF in
clusion: found PDF version <1.7>, but at most version <1.5> allowed
<use_cases/use_cases_v0.5.pdf, id=1688, page=40, 597.55246pt x 845.07718pt>
File: use_cases/use_cases_v0.5.pdf Graphic file (type pdf)
<use use_cases/use_cases_v0.5.pdf, page 40>
Package pdftex.def Info: use_cases/use_cases_v0.5.pdf , page40 used on input li
ne 152.
(pdftex.def)             Requested size: 597.551pt x 845.07512pt.
File: use_cases/use_cases_v0.5.pdf Graphic file (type pdf)
<use use_cases/use_cases_v0.5.pdf, page 40>
Package pdftex.def Info: use_cases/use_cases_v0.5.pdf , page40 used on input li
ne 152.
(pdftex.def)             Requested size: 562.1644pt x 795.0303pt.
[123]
File: use_cases/use_cases_v0.5.pdf Graphic file (type pdf)
<use use_cases/use_cases_v0.5.pdf, page 40>
Package pdftex.def Info: use_cases/use_cases_v0.5.pdf , page40 used on input li
ne 152.
(pdftex.def)             Requested size: 562.1644pt x 795.0303pt.
File: use_cases/use_cases_v0.5.pdf Graphic file (type pdf)
<use use_cases/use_cases_v0.5.pdf, page 40>
Package pdftex.def Info: use_cases/use_cases_v0.5.pdf , page40 used on input li
ne 152.
(pdftex.def)             Requested size: 562.1644pt x 795.0303pt.
File: use_cases/use_cases_v0.5.pdf Graphic file (type pdf)
<use use_cases/use_cases_v0.5.pdf, page 40>
Package pdftex.def Info: use_cases/use_cases_v0.5.pdf , page40 used on input li
ne 152.
(pdftex.def)             Requested size: 562.1644pt x 795.0303pt.
 [124

 <./use_cases/use_cases_v0.5.pdf>]
<activity_diagrams/UC23_activity.pdf, id=1699, 583.17876pt x 614.295pt>
File: activity_diagrams/UC23_activity.pdf Graphic file (type pdf)
<use activity_diagrams/UC23_activity.pdf>
Package pdftex.def Info: activity_diagrams/UC23_activity.pdf  used on input lin
e 152.
(pdftex.def)             Requested size: 234.00238pt x 246.48225pt.
<sequence_diagrams/UC23_sequence.pdf, id=1700, 634.37pt x 308.15125pt>
File: sequence_diagrams/UC23_sequence.pdf Graphic file (type pdf)
<use sequence_diagrams/UC23_sequence.pdf>
Package pdftex.def Info: sequence_diagrams/UC23_sequence.pdf  used on input lin
e 152.
(pdftex.def)             Requested size: 390.0pt x 189.45311pt.

Overfull \hbox (17.62482pt too wide) in paragraph at lines 152--153
[][]
 []


Underfull \hbox (badness 10000) in paragraph at lines 152--153

 []

[125 <./activity_diagrams/UC23_activity.pdf> <./sequence_diagrams/UC23_sequence
.pdf>]
Underfull \hbox (badness 10000) in paragraph at lines 153--153

 []


Underfull \hbox (badness 10000) in paragraph at lines 153--153

 []

File: use_cases/use_cases_v0.5.pdf Graphic file (type pdf)
<use use_cases/use_cases_v0.5.pdf>
Package pdftex.def Info: use_cases/use_cases_v0.5.pdf  used on input line 153.
(pdftex.def)             Requested size: 597.551pt x 845.07512pt.


pdfTeX warning: miktex-pdftex.exe (file ./use_cases/use_cases_v0.5.pdf): PDF in
clusion: found PDF version <1.7>, but at most version <1.5> allowed


pdfTeX warning: miktex-pdftex.exe (file ./use_cases/use_cases_v0.5.pdf): PDF in
clusion: found PDF version <1.7>, but at most version <1.5> allowed
<use_cases/use_cases_v0.5.pdf, id=1728, page=41, 597.55246pt x 845.07718pt>
File: use_cases/use_cases_v0.5.pdf Graphic file (type pdf)
<use use_cases/use_cases_v0.5.pdf, page 41>
Package pdftex.def Info: use_cases/use_cases_v0.5.pdf , page41 used on input li
ne 153.
(pdftex.def)             Requested size: 597.551pt x 845.07512pt.
File: use_cases/use_cases_v0.5.pdf Graphic file (type pdf)
<use use_cases/use_cases_v0.5.pdf, page 41>
Package pdftex.def Info: use_cases/use_cases_v0.5.pdf , page41 used on input li
ne 153.
(pdftex.def)             Requested size: 562.1644pt x 795.0303pt.
[126]
File: use_cases/use_cases_v0.5.pdf Graphic file (type pdf)
<use use_cases/use_cases_v0.5.pdf, page 41>
Package pdftex.def Info: use_cases/use_cases_v0.5.pdf , page41 used on input li
ne 153.
(pdftex.def)             Requested size: 562.1644pt x 795.0303pt.
File: use_cases/use_cases_v0.5.pdf Graphic file (type pdf)
<use use_cases/use_cases_v0.5.pdf, page 41>
Package pdftex.def Info: use_cases/use_cases_v0.5.pdf , page41 used on input li
ne 153.
(pdftex.def)             Requested size: 562.1644pt x 795.0303pt.
File: use_cases/use_cases_v0.5.pdf Graphic file (type pdf)
<use use_cases/use_cases_v0.5.pdf, page 41>
Package pdftex.def Info: use_cases/use_cases_v0.5.pdf , page41 used on input li
ne 153.
(pdftex.def)             Requested size: 562.1644pt x 795.0303pt.
 [127

 <./use_cases/use_cases_v0.5.pdf>]
<activity_diagrams/UC24_activity.pdf, id=1740, 583.17876pt x 615.29875pt>
File: activity_diagrams/UC24_activity.pdf Graphic file (type pdf)
<use activity_diagrams/UC24_activity.pdf>
Package pdftex.def Info: activity_diagrams/UC24_activity.pdf  used on input lin
e 153.
(pdftex.def)             Requested size: 234.00238pt x 246.88501pt.
<sequence_diagrams/UC24_sequence.pdf, id=1741, 634.37pt x 308.15125pt>
File: sequence_diagrams/UC24_sequence.pdf Graphic file (type pdf)
<use sequence_diagrams/UC24_sequence.pdf>
Package pdftex.def Info: sequence_diagrams/UC24_sequence.pdf  used on input lin
e 153.
(pdftex.def)             Requested size: 390.0pt x 189.45311pt.

Overfull \hbox (17.62482pt too wide) in paragraph at lines 153--154
[][]
 []


Underfull \hbox (badness 10000) in paragraph at lines 153--154

 []

[128 <./activity_diagrams/UC24_activity.pdf> <./sequence_diagrams/UC24_sequence
.pdf>]
Underfull \hbox (badness 10000) in paragraph at lines 154--154

 []


Underfull \hbox (badness 10000) in paragraph at lines 154--154

 []

File: use_cases/use_cases_v0.5.pdf Graphic file (type pdf)
<use use_cases/use_cases_v0.5.pdf>
Package pdftex.def Info: use_cases/use_cases_v0.5.pdf  used on input line 154.
(pdftex.def)             Requested size: 597.551pt x 845.07512pt.


pdfTeX warning: miktex-pdftex.exe (file ./use_cases/use_cases_v0.5.pdf): PDF in
clusion: found PDF version <1.7>, but at most version <1.5> allowed


pdfTeX warning: miktex-pdftex.exe (file ./use_cases/use_cases_v0.5.pdf): PDF in
clusion: found PDF version <1.7>, but at most version <1.5> allowed
<use_cases/use_cases_v0.5.pdf, id=1769, page=42, 597.55246pt x 845.07718pt>
File: use_cases/use_cases_v0.5.pdf Graphic file (type pdf)
<use use_cases/use_cases_v0.5.pdf, page 42>
Package pdftex.def Info: use_cases/use_cases_v0.5.pdf , page42 used on input li
ne 154.
(pdftex.def)             Requested size: 597.551pt x 845.07512pt.
File: use_cases/use_cases_v0.5.pdf Graphic file (type pdf)
<use use_cases/use_cases_v0.5.pdf, page 42>
Package pdftex.def Info: use_cases/use_cases_v0.5.pdf , page42 used on input li
ne 154.
(pdftex.def)             Requested size: 562.1644pt x 795.0303pt.
[129]
File: use_cases/use_cases_v0.5.pdf Graphic file (type pdf)
<use use_cases/use_cases_v0.5.pdf, page 42>
Package pdftex.def Info: use_cases/use_cases_v0.5.pdf , page42 used on input li
ne 154.
(pdftex.def)             Requested size: 562.1644pt x 795.0303pt.
File: use_cases/use_cases_v0.5.pdf Graphic file (type pdf)
<use use_cases/use_cases_v0.5.pdf, page 42>
Package pdftex.def Info: use_cases/use_cases_v0.5.pdf , page42 used on input li
ne 154.
(pdftex.def)             Requested size: 562.1644pt x 795.0303pt.
File: use_cases/use_cases_v0.5.pdf Graphic file (type pdf)
<use use_cases/use_cases_v0.5.pdf, page 42>
Package pdftex.def Info: use_cases/use_cases_v0.5.pdf , page42 used on input li
ne 154.
(pdftex.def)             Requested size: 562.1644pt x 795.0303pt.
 [130

 <./use_cases/use_cases_v0.5.pdf>]
<activity_diagrams/UC25_activity.pdf, id=1780, 584.1825pt x 615.29875pt>
File: activity_diagrams/UC25_activity.pdf Graphic file (type pdf)
<use activity_diagrams/UC25_activity.pdf>
Package pdftex.def Info: activity_diagrams/UC25_activity.pdf  used on input lin
e 154.
(pdftex.def)             Requested size: 234.00238pt x 246.46251pt.
<sequence_diagrams/UC25_sequence.pdf, id=1781, 634.37pt x 308.15125pt>
File: sequence_diagrams/UC25_sequence.pdf Graphic file (type pdf)
<use sequence_diagrams/UC25_sequence.pdf>
Package pdftex.def Info: sequence_diagrams/UC25_sequence.pdf  used on input lin
e 154.
(pdftex.def)             Requested size: 390.0pt x 189.45311pt.

Overfull \hbox (17.62482pt too wide) in paragraph at lines 154--155
[][]
 []


Underfull \hbox (badness 10000) in paragraph at lines 154--155

 []

[131 <./activity_diagrams/UC25_activity.pdf> <./sequence_diagrams/UC25_sequence
.pdf>]
Underfull \hbox (badness 10000) in paragraph at lines 155--155

 []


Underfull \hbox (badness 10000) in paragraph at lines 155--155

 []

File: use_cases/use_cases_v0.5.pdf Graphic file (type pdf)
<use use_cases/use_cases_v0.5.pdf>
Package pdftex.def Info: use_cases/use_cases_v0.5.pdf  used on input line 155.
(pdftex.def)             Requested size: 597.551pt x 845.07512pt.


pdfTeX warning: miktex-pdftex.exe (file ./use_cases/use_cases_v0.5.pdf): PDF in
clusion: found PDF version <1.7>, but at most version <1.5> allowed


pdfTeX warning: miktex-pdftex.exe (file ./use_cases/use_cases_v0.5.pdf): PDF in
clusion: found PDF version <1.7>, but at most version <1.5> allowed
<use_cases/use_cases_v0.5.pdf, id=1809, page=43, 597.55246pt x 845.07718pt>
File: use_cases/use_cases_v0.5.pdf Graphic file (type pdf)
<use use_cases/use_cases_v0.5.pdf, page 43>
Package pdftex.def Info: use_cases/use_cases_v0.5.pdf , page43 used on input li
ne 155.
(pdftex.def)             Requested size: 597.551pt x 845.07512pt.
File: use_cases/use_cases_v0.5.pdf Graphic file (type pdf)
<use use_cases/use_cases_v0.5.pdf, page 43>
Package pdftex.def Info: use_cases/use_cases_v0.5.pdf , page43 used on input li
ne 155.
(pdftex.def)             Requested size: 562.1644pt x 795.0303pt.
[132]
File: use_cases/use_cases_v0.5.pdf Graphic file (type pdf)
<use use_cases/use_cases_v0.5.pdf, page 43>
Package pdftex.def Info: use_cases/use_cases_v0.5.pdf , page43 used on input li
ne 155.
(pdftex.def)             Requested size: 562.1644pt x 795.0303pt.
File: use_cases/use_cases_v0.5.pdf Graphic file (type pdf)
<use use_cases/use_cases_v0.5.pdf, page 43>
Package pdftex.def Info: use_cases/use_cases_v0.5.pdf , page43 used on input li
ne 155.
(pdftex.def)             Requested size: 562.1644pt x 795.0303pt.
File: use_cases/use_cases_v0.5.pdf Graphic file (type pdf)
<use use_cases/use_cases_v0.5.pdf, page 43>
Package pdftex.def Info: use_cases/use_cases_v0.5.pdf , page43 used on input li
ne 155.
(pdftex.def)             Requested size: 562.1644pt x 795.0303pt.
 [133

 <./use_cases/use_cases_v0.5.pdf>]
<activity_diagrams/UC26_activity.pdf, id=1821, 583.17876pt x 615.29875pt>
File: activity_diagrams/UC26_activity.pdf Graphic file (type pdf)
<use activity_diagrams/UC26_activity.pdf>
Package pdftex.def Info: activity_diagrams/UC26_activity.pdf  used on input lin
e 155.
(pdftex.def)             Requested size: 234.00238pt x 246.88501pt.
<sequence_diagrams/UC26_sequence.pdf, id=1822, 634.37pt x 383.4325pt>
File: sequence_diagrams/UC26_sequence.pdf Graphic file (type pdf)
<use sequence_diagrams/UC26_sequence.pdf>
Package pdftex.def Info: sequence_diagrams/UC26_sequence.pdf  used on input lin
e 155.
(pdftex.def)             Requested size: 390.0pt x 235.73645pt.

Overfull \hbox (17.62482pt too wide) in paragraph at lines 155--156
[][]
 []


Underfull \hbox (badness 10000) in paragraph at lines 155--156

 []

[134 <./activity_diagrams/UC26_activity.pdf> <./sequence_diagrams/UC26_sequence
.pdf>]
Underfull \hbox (badness 10000) in paragraph at lines 156--156

 []


Underfull \hbox (badness 10000) in paragraph at lines 156--156

 []

File: use_cases/use_cases_v0.5.pdf Graphic file (type pdf)
<use use_cases/use_cases_v0.5.pdf>
Package pdftex.def Info: use_cases/use_cases_v0.5.pdf  used on input line 156.
(pdftex.def)             Requested size: 597.551pt x 845.07512pt.


pdfTeX warning: miktex-pdftex.exe (file ./use_cases/use_cases_v0.5.pdf): PDF in
clusion: found PDF version <1.7>, but at most version <1.5> allowed


pdfTeX warning: miktex-pdftex.exe (file ./use_cases/use_cases_v0.5.pdf): PDF in
clusion: found PDF version <1.7>, but at most version <1.5> allowed
<use_cases/use_cases_v0.5.pdf, id=1851, page=44, 597.55246pt x 845.07718pt>
File: use_cases/use_cases_v0.5.pdf Graphic file (type pdf)
<use use_cases/use_cases_v0.5.pdf, page 44>
Package pdftex.def Info: use_cases/use_cases_v0.5.pdf , page44 used on input li
ne 156.
(pdftex.def)             Requested size: 597.551pt x 845.07512pt.
File: use_cases/use_cases_v0.5.pdf Graphic file (type pdf)
<use use_cases/use_cases_v0.5.pdf, page 44>
Package pdftex.def Info: use_cases/use_cases_v0.5.pdf , page44 used on input li
ne 156.
(pdftex.def)             Requested size: 562.1644pt x 795.0303pt.
[135]
File: use_cases/use_cases_v0.5.pdf Graphic file (type pdf)
<use use_cases/use_cases_v0.5.pdf, page 44>
Package pdftex.def Info: use_cases/use_cases_v0.5.pdf , page44 used on input li
ne 156.
(pdftex.def)             Requested size: 562.1644pt x 795.0303pt.
File: use_cases/use_cases_v0.5.pdf Graphic file (type pdf)
<use use_cases/use_cases_v0.5.pdf, page 44>
Package pdftex.def Info: use_cases/use_cases_v0.5.pdf , page44 used on input li
ne 156.
(pdftex.def)             Requested size: 562.1644pt x 795.0303pt.
File: use_cases/use_cases_v0.5.pdf Graphic file (type pdf)
<use use_cases/use_cases_v0.5.pdf, page 44>
Package pdftex.def Info: use_cases/use_cases_v0.5.pdf , page44 used on input li
ne 156.
(pdftex.def)             Requested size: 562.1644pt x 795.0303pt.
 [136

 <./use_cases/use_cases_v0.5.pdf>]
<activity_diagrams/UC27_activity.pdf, id=1862, 583.17876pt x 614.295pt>
File: activity_diagrams/UC27_activity.pdf Graphic file (type pdf)
<use activity_diagrams/UC27_activity.pdf>
Package pdftex.def Info: activity_diagrams/UC27_activity.pdf  used on input lin
e 156.
(pdftex.def)             Requested size: 234.00238pt x 246.48225pt.
<sequence_diagrams/UC27_sequence.pdf, id=1863, 634.37pt x 383.4325pt>
File: sequence_diagrams/UC27_sequence.pdf Graphic file (type pdf)
<use sequence_diagrams/UC27_sequence.pdf>
Package pdftex.def Info: sequence_diagrams/UC27_sequence.pdf  used on input lin
e 156.
(pdftex.def)             Requested size: 390.0pt x 235.73645pt.

Overfull \hbox (17.62482pt too wide) in paragraph at lines 156--157
[][]
 []


Underfull \hbox (badness 10000) in paragraph at lines 156--157

 []

[137 <./activity_diagrams/UC27_activity.pdf> <./sequence_diagrams/UC27_sequence
.pdf>]
Underfull \hbox (badness 10000) in paragraph at lines 157--157

 []


Underfull \hbox (badness 10000) in paragraph at lines 157--157

 []

File: use_cases/use_cases_v0.5.pdf Graphic file (type pdf)
<use use_cases/use_cases_v0.5.pdf>
Package pdftex.def Info: use_cases/use_cases_v0.5.pdf  used on input line 157.
(pdftex.def)             Requested size: 597.551pt x 845.07512pt.


pdfTeX warning: miktex-pdftex.exe (file ./use_cases/use_cases_v0.5.pdf): PDF in
clusion: found PDF version <1.7>, but at most version <1.5> allowed


pdfTeX warning: miktex-pdftex.exe (file ./use_cases/use_cases_v0.5.pdf): PDF in
clusion: found PDF version <1.7>, but at most version <1.5> allowed
<use_cases/use_cases_v0.5.pdf, id=1892, page=45, 597.55246pt x 845.07718pt>
File: use_cases/use_cases_v0.5.pdf Graphic file (type pdf)
<use use_cases/use_cases_v0.5.pdf, page 45>
Package pdftex.def Info: use_cases/use_cases_v0.5.pdf , page45 used on input li
ne 157.
(pdftex.def)             Requested size: 597.551pt x 845.07512pt.
File: use_cases/use_cases_v0.5.pdf Graphic file (type pdf)
<use use_cases/use_cases_v0.5.pdf, page 45>
Package pdftex.def Info: use_cases/use_cases_v0.5.pdf , page45 used on input li
ne 157.
(pdftex.def)             Requested size: 562.1644pt x 795.0303pt.
[138]
File: use_cases/use_cases_v0.5.pdf Graphic file (type pdf)
<use use_cases/use_cases_v0.5.pdf, page 45>
Package pdftex.def Info: use_cases/use_cases_v0.5.pdf , page45 used on input li
ne 157.
(pdftex.def)             Requested size: 562.1644pt x 795.0303pt.
File: use_cases/use_cases_v0.5.pdf Graphic file (type pdf)
<use use_cases/use_cases_v0.5.pdf, page 45>
Package pdftex.def Info: use_cases/use_cases_v0.5.pdf , page45 used on input li
ne 157.
(pdftex.def)             Requested size: 562.1644pt x 795.0303pt.
File: use_cases/use_cases_v0.5.pdf Graphic file (type pdf)
<use use_cases/use_cases_v0.5.pdf, page 45>
Package pdftex.def Info: use_cases/use_cases_v0.5.pdf , page45 used on input li
ne 157.
(pdftex.def)             Requested size: 562.1644pt x 795.0303pt.
 [139

 <./use_cases/use_cases_v0.5.pdf>]
<activity_diagrams/UC28_activity.pdf, id=1904, 583.17876pt x 489.83pt>
File: activity_diagrams/UC28_activity.pdf Graphic file (type pdf)
<use activity_diagrams/UC28_activity.pdf>
Package pdftex.def Info: activity_diagrams/UC28_activity.pdf  used on input lin
e 157.
(pdftex.def)             Requested size: 234.00238pt x 196.54141pt.
<sequence_diagrams/UC28_sequence.pdf, id=1905, 634.37pt x 307.1475pt>
File: sequence_diagrams/UC28_sequence.pdf Graphic file (type pdf)
<use sequence_diagrams/UC28_sequence.pdf>
Package pdftex.def Info: sequence_diagrams/UC28_sequence.pdf  used on input lin
e 157.
(pdftex.def)             Requested size: 390.0pt x 188.836pt.

Overfull \hbox (17.62482pt too wide) in paragraph at lines 157--158
[][]
 []


Underfull \hbox (badness 10000) in paragraph at lines 157--158

 []



pdfTeX warning: miktex-pdftex.exe (file ./components/service_management_compone
nt.pdf): PDF inclusion: found PDF version <1.7>, but at most version <1.5> allo
wed
<components/service_management_component.pdf, id=1906, 594.42076pt x 699.21222p
t>
File: components/service_management_component.pdf Graphic file (type pdf)
<use components/service_management_component.pdf>
Package pdftex.def Info: components/service_management_component.pdf  used on i
nput line 161.
(pdftex.def)             Requested size: 296.39786pt x 348.6557pt.
[140 <./activity_diagrams/UC28_activity.pdf> <./sequence_diagrams/UC28_sequence
.pdf>] [141 <./components/service_management_component.pdf>]
Underfull \hbox (badness 10000) in paragraph at lines 162--162

 []


Underfull \hbox (badness 10000) in paragraph at lines 162--162

 []

File: use_cases/use_cases_v0.5.pdf Graphic file (type pdf)
<use use_cases/use_cases_v0.5.pdf>
Package pdftex.def Info: use_cases/use_cases_v0.5.pdf  used on input line 162.
(pdftex.def)             Requested size: 597.551pt x 845.07512pt.


pdfTeX warning: miktex-pdftex.exe (file ./use_cases/use_cases_v0.5.pdf): PDF in
clusion: found PDF version <1.7>, but at most version <1.5> allowed


pdfTeX warning: miktex-pdftex.exe (file ./use_cases/use_cases_v0.5.pdf): PDF in
clusion: found PDF version <1.7>, but at most version <1.5> allowed
<use_cases/use_cases_v0.5.pdf, id=1965, page=46, 597.55246pt x 845.07718pt>
File: use_cases/use_cases_v0.5.pdf Graphic file (type pdf)
<use use_cases/use_cases_v0.5.pdf, page 46>
Package pdftex.def Info: use_cases/use_cases_v0.5.pdf , page46 used on input li
ne 162.
(pdftex.def)             Requested size: 597.551pt x 845.07512pt.
File: use_cases/use_cases_v0.5.pdf Graphic file (type pdf)
<use use_cases/use_cases_v0.5.pdf, page 46>
Package pdftex.def Info: use_cases/use_cases_v0.5.pdf , page46 used on input li
ne 162.
(pdftex.def)             Requested size: 562.1644pt x 795.0303pt.
[142]
File: use_cases/use_cases_v0.5.pdf Graphic file (type pdf)
<use use_cases/use_cases_v0.5.pdf, page 46>
Package pdftex.def Info: use_cases/use_cases_v0.5.pdf , page46 used on input li
ne 162.
(pdftex.def)             Requested size: 562.1644pt x 795.0303pt.
File: use_cases/use_cases_v0.5.pdf Graphic file (type pdf)
<use use_cases/use_cases_v0.5.pdf, page 46>
Package pdftex.def Info: use_cases/use_cases_v0.5.pdf , page46 used on input li
ne 162.
(pdftex.def)             Requested size: 562.1644pt x 795.0303pt.
File: use_cases/use_cases_v0.5.pdf Graphic file (type pdf)
<use use_cases/use_cases_v0.5.pdf, page 46>
Package pdftex.def Info: use_cases/use_cases_v0.5.pdf , page46 used on input li
ne 162.
(pdftex.def)             Requested size: 562.1644pt x 795.0303pt.
 [143

 <./use_cases/use_cases_v0.5.pdf>]
<activity_diagrams/UC29_activity.pdf, id=1976, 633.36626pt x 738.76pt>
File: activity_diagrams/UC29_activity.pdf Graphic file (type pdf)
<use activity_diagrams/UC29_activity.pdf>
Package pdftex.def Info: activity_diagrams/UC29_activity.pdf  used on input lin
e 162.
(pdftex.def)             Requested size: 234.00238pt x 272.94237pt.
<sequence_diagrams/UC29_sequence.pdf, id=1977, 633.36626pt x 397.485pt>
File: sequence_diagrams/UC29_sequence.pdf Graphic file (type pdf)
<use sequence_diagrams/UC29_sequence.pdf>
Package pdftex.def Info: sequence_diagrams/UC29_sequence.pdf  used on input lin
e 162.
(pdftex.def)             Requested size: 390.0pt x 244.7581pt.

Overfull \hbox (17.62482pt too wide) in paragraph at lines 162--163
[][]
 []


Underfull \hbox (badness 10000) in paragraph at lines 162--163

 []

[144 <./activity_diagrams/UC29_activity.pdf> <./sequence_diagrams/UC29_sequence
.pdf>]
Underfull \hbox (badness 10000) in paragraph at lines 163--163

 []


Underfull \hbox (badness 10000) in paragraph at lines 163--163

 []

File: use_cases/use_cases_v0.5.pdf Graphic file (type pdf)
<use use_cases/use_cases_v0.5.pdf>
Package pdftex.def Info: use_cases/use_cases_v0.5.pdf  used on input line 163.
(pdftex.def)             Requested size: 597.551pt x 845.07512pt.


pdfTeX warning: miktex-pdftex.exe (file ./use_cases/use_cases_v0.5.pdf): PDF in
clusion: found PDF version <1.7>, but at most version <1.5> allowed


pdfTeX warning: miktex-pdftex.exe (file ./use_cases/use_cases_v0.5.pdf): PDF in
clusion: found PDF version <1.7>, but at most version <1.5> allowed
<use_cases/use_cases_v0.5.pdf, id=2008, page=47, 597.55246pt x 845.07718pt>
File: use_cases/use_cases_v0.5.pdf Graphic file (type pdf)
<use use_cases/use_cases_v0.5.pdf, page 47>
Package pdftex.def Info: use_cases/use_cases_v0.5.pdf , page47 used on input li
ne 163.
(pdftex.def)             Requested size: 597.551pt x 845.07512pt.
File: use_cases/use_cases_v0.5.pdf Graphic file (type pdf)
<use use_cases/use_cases_v0.5.pdf, page 47>
Package pdftex.def Info: use_cases/use_cases_v0.5.pdf , page47 used on input li
ne 163.
(pdftex.def)             Requested size: 562.1644pt x 795.0303pt.
[145]
File: use_cases/use_cases_v0.5.pdf Graphic file (type pdf)
<use use_cases/use_cases_v0.5.pdf, page 47>
Package pdftex.def Info: use_cases/use_cases_v0.5.pdf , page47 used on input li
ne 163.
(pdftex.def)             Requested size: 562.1644pt x 795.0303pt.
File: use_cases/use_cases_v0.5.pdf Graphic file (type pdf)
<use use_cases/use_cases_v0.5.pdf, page 47>
Package pdftex.def Info: use_cases/use_cases_v0.5.pdf , page47 used on input li
ne 163.
(pdftex.def)             Requested size: 562.1644pt x 795.0303pt.
File: use_cases/use_cases_v0.5.pdf Graphic file (type pdf)
<use use_cases/use_cases_v0.5.pdf, page 47>
Package pdftex.def Info: use_cases/use_cases_v0.5.pdf , page47 used on input li
ne 163.
(pdftex.def)             Requested size: 562.1644pt x 795.0303pt.
 [146

 <./use_cases/use_cases_v0.5.pdf>]
<activity_diagrams/UC30_activity.pdf, id=2019, 633.36626pt x 1122.1925pt>
File: activity_diagrams/UC30_activity.pdf Graphic file (type pdf)
<use activity_diagrams/UC30_activity.pdf>
Package pdftex.def Info: activity_diagrams/UC30_activity.pdf  used on input lin
e 163.
(pdftex.def)             Requested size: 234.00238pt x 414.60541pt.
<sequence_diagrams/UC30_sequence.pdf, id=2020, 634.37pt x 430.60875pt>
File: sequence_diagrams/UC30_sequence.pdf Graphic file (type pdf)
<use sequence_diagrams/UC30_sequence.pdf>
Package pdftex.def Info: sequence_diagrams/UC30_sequence.pdf  used on input lin
e 163.
(pdftex.def)             Requested size: 390.0pt x 264.74066pt.

Overfull \hbox (17.62482pt too wide) in paragraph at lines 163--164
[][]
 []


Underfull \hbox (badness 10000) in paragraph at lines 163--164

 []

[147 <./activity_diagrams/UC30_activity.pdf>] [148 <./sequence_diagrams/UC30_se
quence.pdf>]
Underfull \hbox (badness 10000) in paragraph at lines 164--164

 []


Underfull \hbox (badness 10000) in paragraph at lines 164--164

 []

File: use_cases/use_cases_v0.5.pdf Graphic file (type pdf)
<use use_cases/use_cases_v0.5.pdf>
Package pdftex.def Info: use_cases/use_cases_v0.5.pdf  used on input line 164.
(pdftex.def)             Requested size: 597.551pt x 845.07512pt.


pdfTeX warning: miktex-pdftex.exe (file ./use_cases/use_cases_v0.5.pdf): PDF in
clusion: found PDF version <1.7>, but at most version <1.5> allowed


pdfTeX warning: miktex-pdftex.exe (file ./use_cases/use_cases_v0.5.pdf): PDF in
clusion: found PDF version <1.7>, but at most version <1.5> allowed
<use_cases/use_cases_v0.5.pdf, id=2060, page=48, 597.55246pt x 845.07718pt>
File: use_cases/use_cases_v0.5.pdf Graphic file (type pdf)
<use use_cases/use_cases_v0.5.pdf, page 48>
Package pdftex.def Info: use_cases/use_cases_v0.5.pdf , page48 used on input li
ne 164.
(pdftex.def)             Requested size: 597.551pt x 845.07512pt.
File: use_cases/use_cases_v0.5.pdf Graphic file (type pdf)
<use use_cases/use_cases_v0.5.pdf, page 48>
Package pdftex.def Info: use_cases/use_cases_v0.5.pdf , page48 used on input li
ne 164.
(pdftex.def)             Requested size: 562.1644pt x 795.0303pt.
[149]
File: use_cases/use_cases_v0.5.pdf Graphic file (type pdf)
<use use_cases/use_cases_v0.5.pdf, page 48>
Package pdftex.def Info: use_cases/use_cases_v0.5.pdf , page48 used on input li
ne 164.
(pdftex.def)             Requested size: 562.1644pt x 795.0303pt.
File: use_cases/use_cases_v0.5.pdf Graphic file (type pdf)
<use use_cases/use_cases_v0.5.pdf, page 48>
Package pdftex.def Info: use_cases/use_cases_v0.5.pdf , page48 used on input li
ne 164.
(pdftex.def)             Requested size: 562.1644pt x 795.0303pt.
File: use_cases/use_cases_v0.5.pdf Graphic file (type pdf)
<use use_cases/use_cases_v0.5.pdf, page 48>
Package pdftex.def Info: use_cases/use_cases_v0.5.pdf , page48 used on input li
ne 164.
(pdftex.def)             Requested size: 562.1644pt x 795.0303pt.
 [150

 <./use_cases/use_cases_v0.5.pdf>]

pdfTeX warning: miktex-pdftex.exe (file ./use_cases/use_cases_v0.5.pdf): PDF in
clusion: found PDF version <1.7>, but at most version <1.5> allowed
<use_cases/use_cases_v0.5.pdf, id=2072, page=49, 597.55246pt x 845.07718pt>
File: use_cases/use_cases_v0.5.pdf Graphic file (type pdf)
<use use_cases/use_cases_v0.5.pdf, page 49>
Package pdftex.def Info: use_cases/use_cases_v0.5.pdf , page49 used on input li
ne 164.
(pdftex.def)             Requested size: 562.1644pt x 795.0303pt.
File: use_cases/use_cases_v0.5.pdf Graphic file (type pdf)
<use use_cases/use_cases_v0.5.pdf, page 49>
Package pdftex.def Info: use_cases/use_cases_v0.5.pdf , page49 used on input li
ne 164.
(pdftex.def)             Requested size: 562.1644pt x 795.0303pt.
File: use_cases/use_cases_v0.5.pdf Graphic file (type pdf)
<use use_cases/use_cases_v0.5.pdf, page 49>
Package pdftex.def Info: use_cases/use_cases_v0.5.pdf , page49 used on input li
ne 164.
(pdftex.def)             Requested size: 562.1644pt x 795.0303pt.
[151

 <./use_cases/use_cases_v0.5.pdf>]
<activity_diagrams/UC31_activity.pdf, id=2078, 633.36626pt x 949.5475pt>
File: activity_diagrams/UC31_activity.pdf Graphic file (type pdf)
<use activity_diagrams/UC31_activity.pdf>
Package pdftex.def Info: activity_diagrams/UC31_activity.pdf  used on input lin
e 164.
(pdftex.def)             Requested size: 234.00238pt x 350.81996pt.
<sequence_diagrams/UC31_sequence.pdf, id=2079, 634.37pt x 449.68pt>
File: sequence_diagrams/UC31_sequence.pdf Graphic file (type pdf)
<use sequence_diagrams/UC31_sequence.pdf>
Package pdftex.def Info: sequence_diagrams/UC31_sequence.pdf  used on input lin
e 164.
(pdftex.def)             Requested size: 390.0pt x 276.46577pt.

Overfull \hbox (17.62482pt too wide) in paragraph at lines 164--165
[][]
 []


Underfull \hbox (badness 10000) in paragraph at lines 164--165

 []

[152 <./activity_diagrams/UC31_activity.pdf>] [153 <./sequence_diagrams/UC31_se
quence.pdf>]
Underfull \hbox (badness 10000) in paragraph at lines 165--165

 []


Underfull \hbox (badness 10000) in paragraph at lines 165--165

 []

File: use_cases/use_cases_v0.5.pdf Graphic file (type pdf)
<use use_cases/use_cases_v0.5.pdf>
Package pdftex.def Info: use_cases/use_cases_v0.5.pdf  used on input line 165.
(pdftex.def)             Requested size: 597.551pt x 845.07512pt.


pdfTeX warning: miktex-pdftex.exe (file ./use_cases/use_cases_v0.5.pdf): PDF in
clusion: found PDF version <1.7>, but at most version <1.5> allowed


pdfTeX warning: miktex-pdftex.exe (file ./use_cases/use_cases_v0.5.pdf): PDF in
clusion: found PDF version <1.7>, but at most version <1.5> allowed
<use_cases/use_cases_v0.5.pdf, id=2116, page=50, 597.55246pt x 845.07718pt>
File: use_cases/use_cases_v0.5.pdf Graphic file (type pdf)
<use use_cases/use_cases_v0.5.pdf, page 50>
Package pdftex.def Info: use_cases/use_cases_v0.5.pdf , page50 used on input li
ne 165.
(pdftex.def)             Requested size: 597.551pt x 845.07512pt.
File: use_cases/use_cases_v0.5.pdf Graphic file (type pdf)
<use use_cases/use_cases_v0.5.pdf, page 50>
Package pdftex.def Info: use_cases/use_cases_v0.5.pdf , page50 used on input li
ne 165.
(pdftex.def)             Requested size: 562.1644pt x 795.0303pt.
[154]
File: use_cases/use_cases_v0.5.pdf Graphic file (type pdf)
<use use_cases/use_cases_v0.5.pdf, page 50>
Package pdftex.def Info: use_cases/use_cases_v0.5.pdf , page50 used on input li
ne 165.
(pdftex.def)             Requested size: 562.1644pt x 795.0303pt.
File: use_cases/use_cases_v0.5.pdf Graphic file (type pdf)
<use use_cases/use_cases_v0.5.pdf, page 50>
Package pdftex.def Info: use_cases/use_cases_v0.5.pdf , page50 used on input li
ne 165.
(pdftex.def)             Requested size: 562.1644pt x 795.0303pt.
File: use_cases/use_cases_v0.5.pdf Graphic file (type pdf)
<use use_cases/use_cases_v0.5.pdf, page 50>
Package pdftex.def Info: use_cases/use_cases_v0.5.pdf , page50 used on input li
ne 165.
(pdftex.def)             Requested size: 562.1644pt x 795.0303pt.
 [155

 <./use_cases/use_cases_v0.5.pdf>]
<activity_diagrams/UC32_activity.pdf, id=2127, 682.55pt x 1024.82875pt>
File: activity_diagrams/UC32_activity.pdf Graphic file (type pdf)
<use activity_diagrams/UC32_activity.pdf>
Package pdftex.def Info: activity_diagrams/UC32_activity.pdf  used on input lin
e 165.
(pdftex.def)             Requested size: 234.00238pt x 351.34576pt.
<sequence_diagrams/UC32_sequence.pdf, id=2128, 634.37pt x 453.695pt>
File: sequence_diagrams/UC32_sequence.pdf Graphic file (type pdf)
<use sequence_diagrams/UC32_sequence.pdf>
Package pdftex.def Info: sequence_diagrams/UC32_sequence.pdf  used on input lin
e 165.
(pdftex.def)             Requested size: 390.0pt x 278.93423pt.

Overfull \hbox (17.62482pt too wide) in paragraph at lines 165--166
[][]
 []


Underfull \hbox (badness 10000) in paragraph at lines 165--166

 []

[156 <./activity_diagrams/UC32_activity.pdf>] [157 <./sequence_diagrams/UC32_se
quence.pdf>]

pdfTeX warning: miktex-pdftex.exe (file ./class_diagram/class_diagram.pdf): PDF
 inclusion: found PDF version <1.7>, but at most version <1.5> allowed
<class_diagram/class_diagram.pdf, id=2167, 2963.07pt x 2186.1675pt>
File: class_diagram/class_diagram.pdf Graphic file (type pdf)
<use class_diagram/class_diagram.pdf>
Package pdftex.def Info: class_diagram/class_diagram.pdf  used on input line 17
4.
(pdftex.def)             Requested size: 390.0pt x 287.71436pt.
[158 <./class_diagram/class_diagram.pdf>]
Overfull \hbox (58.6634pt too wide) in paragraph at lines 240--247
\OT1/cmr/m/n/12 Cost(): Com-pute the cost as-so-ci-ated with this ticket (in ce
nts) For UC8,UC9,UC10,UC12
 []


Overfull \hbox (2.02869pt too wide) in paragraph at lines 253--255
[]\OT1/cmr/bx/n/12 Pathfinding\OT1/cmr/m/n/12 : A class of ob-jects rep-re-sent
-ing an in-use pathfind-ing search.
 []

[159] [160] [161]
Overfull \hbox (26.69429pt too wide) in paragraph at lines 376--381
[]\OT1/cmr/m/n/12 maxSpeed: max-i-mum speed the train can achieve is-Pas-sen-ge
r: true=passenger,
 []

[162]) (D2_DispatchNet.aux)
 ***********
LaTeX2e <2025-11-01>
L3 programming layer <2025-12-24>
 ***********


LaTeX Warning: There were undefined references.


LaTeX Warning: Label(s) may have changed. Rerun to get cross-references right.


Package rerunfilecheck Warning: File `D2_DispatchNet.out' has changed.
(rerunfilecheck)                Rerun to get outlines right
(rerunfilecheck)                or use package `bookmark'.

Package rerunfilecheck Info: Checksums for `D2_DispatchNet.out':
(rerunfilecheck)             Before: <no file>
(rerunfilecheck)             After:  A2CB2BF4F18311D6FE04FEF5EE95C858;24166.
 ) 
Here is how much of TeX's memory you used:
 11253 strings out of 467871
 196504 string characters out of 5418376
 581204 words of memory out of 5000000
 39704 multiletter control sequences out of 15000+600000
 634833 words of font info for 63 fonts, out of 8000000 for 9000
 1141 hyphenation exceptions out of 8191
 75i,17n,79p,354b,599s stack positions out of 10000i,1000n,20000p,200000b,200000s
 <C:\Users\gatto\AppData\Local\MiKTeX\fonts/pk/ljfour/jknappen/ec/dpi600\tcrm
1200.pk><C:/Users/gatto/AppData/Local/Programs/MiKTeX/fonts/type1/public/amsfon
ts/cm/cmbx12.pfb><C:/Users/gatto/AppData/Local/Programs/MiKTeX/fonts/type1/publ
ic/amsfonts/cm/cmr10.pfb><C:/Users/gatto/AppData/Local/Programs/MiKTeX/fonts/ty
pe1/public/amsfonts/cm/cmr12.pfb><C:/Users/gatto/AppData/Local/Programs/MiKTeX/
fonts/type1/public/amsfonts/cm/cmti12.pfb>
Output written on D2_DispatchNet.pdf (163 pages, 4849432 bytes).
PDF statistics:
 2364 PDF objects out of 2487 (max. 8388607)
 323 named destinations out of 1000 (max. 500000)
 801 words of extra memory for PDF output out of 10000 (max. 10000000)

